INSERT INTO roles (id,name) VALUES 
(1,'admin'),
(2,'client');

INSERT INTO users (email_address,first_name,last_name,password,role_id) VALUES
('mcarrizo@ternopel.com','Admin','User','5c969619',1),
('mcarrizo@gmail.com','Client','User','5c969619',2);

INSERT INTO categories (id,name) VALUES 
(1,'VASOS DE CRISTAL Y VARIOS'),
(2,'ENSALADERAS PLASTICAS'),
(3,'POTES Y TAPAS PLASTICAS'),
(4,'BOBINAS DE ARRANQUE RENDIDORA          '),
(5,'SERVILLETAS A GRANEL   X MENOR         X MAYOR'),
(6,'VASOS PLASTICOS BLANCOS'),
(7,'BOLSAS DE RESIDUOS'),
(8,'BOLSAS PARA HORNO'),
(9,'PRECINTOS'),
(10,'BANDAS ELASTICAS    X MENOR         X MAYOR'),
(11,'CARTELES/ESTALLIDOS'),
(12,'MOLDES DE PAPEL P/PAN DULCE'),
(13,'ROLLOS REGISTRADORA(OBRA)  X MENOR         X MAYOR'),
(14,'BANDEJAS DE CARTON ( GRIS)'),
(15,'CARTON CORRUGADO'),
(16,'PLATOS DESCARTABLES   X MENOR         X MAYOR'),
(17,'PLATOS Y BANDEJAS  DORADAS'),
(18,'CAJAS DE PIZZA Y EMP /ESTANDAR/'),
(19,'LAMINAS PARA FIAMBRES           '),
(20,'ETIQUETAS (MOTEX)'),
(21,'BANDEJAS DE CARTON  ( BLANCA )'),
(22,'ALUMINIO  /  BANDEJAS '),
(23,'TRIPODE '),
(24,'POTES TERMICOS PARA ALIMENTO'),
(25,'VASOS TERMICOS  (DART)   X MENOR         X MAYOR'),
(26,'BOLSAS DE FANTASIA/RIÑON'),
(27,'TORTERAS PLASTICAS C/TAPAS   X MENOR         X MAYOR'),
(28,'ROLLOS DE P.V.C '),
(29,'BOLSAS CAMISETAS (reforzadas)'),
(30,'CINTA DE PAPEL'),
(31,'HILOS Y CINTAS'),
(32,'PLATOS TERMICOS'),
(33,'CINTAS ADHESIVAS    X MENOR         X MAYOR'),
(34,'SOBRES DE PAPEL FANTASIA '),
(35,'BOLSAS DE PAPEL SULFITO/KRAFT'),
(36,'CUBIERTOS PLASTICOS'),
(37,'SORBETES'),
(38,'FILM STRECH'),
(39,'ROLLOS REGISTRADORA (TERMICO)'),
(40,'BANDEJAS DE CARTON REDONDAS'),
(41,'BOLSAS DE CONSORCIO    X MENOR         X MAYOR'),
(42,'PAPELES/ BOBINA/RESMAS'),
(43,'PORTA CINTAS-HILO-DISPENSER'),
(44,'BOLSAS DE POLIPROPILENO'),
(45,'BOLSAS CAMISETAS (economicas)            '),
(46,'CAJAS DE PIZZAS Y EMPANADAS M/M'),
(47,'TALONARIOS  DUPLICADOS '),
(48,'PORTAPANCHO/CUCURUCHO'),
(49,'TAPSA PARA VASOS TERMICOS'),
(50,'BLONDAS DE PAPEL CALADAS '),
(51,'RESMAS DE PAPEL P/FOTOCOPIAS '),
(52,'VARIOS'),
(53,'GUANTES DESCARTABLES'),
(54,'POTES TERMICOS PARA HELADO'),
(55,'CAJAS DE CARTON CORRUGADO'),
(56,'BANDEJAS PLASTICAS P/ MICROONDAS '),
(57,'POTES BISAGRA ROTLEN   X MENOR         X MAYOR'),
(58,'CAJAS DE PIZZAS Y EMPANADAS B/M'),
(59,'BANDEJAS DE EXPANDIDO'),
(60,'BANDEJAS PLASTICAS COMUNES'),
(61,'BOMBONERA DE CARTON '),
(62,'BOBINAS DE ARRANQUE'),
(63,'PAPEL HIGIENICO/ROLLO DE COCINA'),
(64,'CAJAS DE PIZZAS y RAVIOLES'),
(65,'PIROTINES'),
(66,'FUNDAS PARA ROPA DE P.P   X MENOR         X MAYOR'),
(67,'MOÑOS');


INSERT INTO packaging (id,name) VALUES 
(1,'BOLSA'),
(2,'CINTA'),
(3,'POTE'),
(4,'TALON'),
(5,'C/U'),
(6,'PLATO'),
(7,'FAJAS'),
(8,'ROLLO'),
(9,'BOBINA'),
(10,'CAJA'),
(11,'KILO'),
(12,'BOMBONERA'),
(13,'PAQUETE');



INSERT INTO products (id,category_id,packaging_id,description,units,wholesale,retail) VALUES 
(1,22,13,'BANDEJA F 75',100,912.0,125.0),
(2,22,13,'PLATO P 21',100,367.0,133.0),
(3,22,13,'BANDEJA F 50',100,768.0,105.0),
(4,22,13,'CENICERO DE ALUMINIO',100,161.0,35.0),
(5,22,13,'TAPA P/FLANERA H 10',100,600.0,43.0),
(6,22,13,'BUDINERAS  1  KILO',100,448.0,243.0),
(7,22,13,'BUDINERAS 1/2 KILO',100,931.0,126.0),
(8,22,13,'PLATO P 33',100,480.0,347.0),
(9,22,13,'PLATO P 29',100,371.0,268.0),
(10,22,13,'PLATO P 26',100,533.0,192.0),
(11,22,13,'PLATO P 23',100,472.0,170.0),
(12,22,13,'BANDEJA F 200',100,616.0,350.0),
(13,22,13,'TAPA P/F 50',100,201.0,55.0),
(14,22,13,'TAPA P/F 75',100,250.0,65.0),
(15,22,13,'TAPA P/F 100',100,277.0,100.0),
(16,22,13,'TAPA P/F 200',100,219.0,160.0),
(17,22,13,'PLATO P 14',100,893.0,120.0),
(18,22,13,'PLATO P 17',100,864.0,104.0),
(19,22,13,'PLATO P 20',100,669.0,120.0),
(20,22,13,'BANDEJA F 100',100,439.0,160.0),
(21,10,1,'BOLSA X 1000 GRS',1,576.0,65.0),
(22,10,1,'BOLSA X 500 GRS',1,300.0,33.0),
(23,10,1,'BOLSA X 100 GRS',1,80.0,10.0),
(24,21,13,'BANDEJA  Nº 3',100,453.0,42.0),
(25,21,13,'BANDEJA  Nº 5',100,469.0,58.0),
(26,21,13,'BANDEJA  Nº 4',100,529.0,49.0),
(27,21,13,'BANDEJA  Nº 2',100,378.0,28.0),
(28,21,13,'BANDEJA  Nº 1',100,414.0,23.0),
(29,21,13,'BANDEJA  Nº 8',100,314.0,87.0),
(30,21,13,'BANDEJA  Nº 7',100,277.0,77.0),
(31,21,13,'BANDEJA  Nº 6',100,223.0,62.0),
(32,14,13,'BANDEJA  Nº 1',100,306.0,17.0),
(33,14,13,'BANDEJA  Nº 8',100,464.0,86.0),
(34,14,13,'BANDEJA  Nº 7',100,367.0,68.0),
(35,14,13,'BANDEJA  Nº 6',100,259.0,48.0),
(36,14,13,'BANDEJA  Nº 5',100,336.0,42.0),
(37,14,13,'BANDEJA  Nº 4',100,400.0,37.0),
(38,14,13,'BANDEJA  Nº 3',100,302.0,28.0),
(39,14,13,'BANDEJA  Nº 2',100,297.0,22.0),
(40,40,13,'BANDEJA  Nº 14',100,295.0,82.0),
(41,40,13,'BANDEJA  Nº 16',100,353.0,98.0),
(42,40,13,'BANDEJA  Nº 12',100,315.0,35.0),
(43,40,13,'"BANDEJA  Nº 12,5"',100,378.0,42.0),
(44,40,13,'BANDEJA  Nº 13',100,360.0,50.0),
(45,40,13,'"BANDEJA  Nº 13,5"',100,313.0,58.0),
(46,40,13,'BANDEJA  Nº 15',100,342.0,95.0),
(47,59,13,'BANDEJA Nº 619',100,211.0,58.0),
(48,59,13,'BANDEJA Nº 628( redonda)',100,212.0,115.0),
(49,59,13,'BANDEJA Nº 625',100,192.0,105.0),
(50,59,13,'BANDEJA Nº 615',100,211.0,58.0),
(51,59,13,'BANDEJA Nº 621',100,132.0,37.0),
(52,59,13,'BANDEJA Nº 617',100,110.0,30.0),
(53,59,13,'BANDEJA Nº 618',100,160.0,43.0),
(54,59,13,'OBLEA  Nº 618',100,237.0,43.0),
(55,59,13,'OBLEA  Nº 619',100,211.0,58.0),
(56,60,13,'BANDEJA  107  comun',100,468.0,145.0),
(57,60,13,'BANDEJA  103  comun',100,360.0,55.0),
(58,60,13,'BANDEJA  102  comun',100,252.0,39.0),
(59,60,13,'BANDEJA  101  comun',100,180.0,28.0),
(60,60,13,'BANDEJA  105  comun',100,270.0,82.0),
(61,56,13,'BANDEJA 101  micro ',100,252.0,39.0),
(62,56,13,'BANDEJA 102  micro',100,396.0,60.0),
(63,56,13,'BANDEJA 107  micro',100,417.0,175.0),
(64,56,13,'BANDEJA 105  micro',100,396.0,120.0),
(65,56,13,'BANDEJA 103  micro',100,576.0,88.0),
(66,50,13,'DIAMETRO 21  CMS',100,30.0,33.0),
(67,50,13,'RECTANGULARES 35 X 45 CMS',100,82.0,93.0),
(68,50,13,'RECTANGULARES 31 X 38 CMS',100,59.0,65.0),
(69,50,13,'RECTANGULARES 26 X 32 CMS',100,36.0,40.0),
(70,50,13,'RECTANGULARES 21 X 27 CMS',100,31.0,34.0),
(71,50,13,'RECTANGULARES 18 X 25 CMS',100,27.0,30.0),
(72,50,13,'DIAMETRO 38  CMS',100,51.0,57.0),
(73,50,13,'DIAMETRO 25  CMS',100,32.0,35.0),
(74,50,13,'DIAMETRO 28  CMS',100,35.0,39.0),
(75,50,13,'DIAMETRO 32  CMS',100,41.0,46.0),
(76,50,13,'DIAMETRO 30  CMS',100,37.0,41.0),
(77,50,13,'DIAMETRO 9  CMS',100,6.0,7.0),
(78,50,13,'DIAMETRO 12  CMS',100,11.0,12.0),
(79,50,13,'DIAMETRO 15  CMS',100,14.0,16.0),
(80,50,13,'DIAMETRO 18  CMS',100,18.0,20.0),
(81,62,8,'40X50X1500GRS',1,298.0,54.0),
(82,62,8,'20X30X1500GRS',1,298.0,54.0),
(83,62,8,'25X35X1500GRS',1,298.0,54.0),
(84,62,8,'30X40X1500GRS',1,298.0,54.0),
(85,62,8,'50X70X1500GRS',1,298.0,54.0),
(86,62,8,'45X60X1500GRS',1,298.0,54.0),
(87,62,8,'35X45X1500GRS',1,298.0,54.0),
(88,4,8,'20X30X500 BOLSAS',1,345.0,32.0),
(89,4,8,'15X20X500 BOLSAS',1,216.0,20.0),
(90,4,8,'15X25X500 BOLSAS',1,239.0,22.0),
(91,4,8,'40X50X250 BOLSAS',1,243.0,45.0),
(92,4,8,'35X45X250 BOLSAS',1,216.0,40.0),
(93,4,8,'30X40X500 BOLSAS',1,281.0,52.0),
(94,4,8,'25X35X500 BOLSAS',1,324.0,40.0),
(95,45,13,'40X50 (color)  tiburon',100,180.0,10.0),
(96,45,13,'20X30  blanca  ',100,250.0,7.0),
(97,45,13,'60X80  blanca  ',100,203.0,45.0),
(98,45,13,'30X40 (color)  tiburon',100,105.0,8.0),
(99,45,13,'50X70 (color)',100,351.0,26.0),
(100,45,13,'40X50 (color)  reforzada',100,200.0,11.0),
(101,45,13,'45X60 (color) ',100,342.0,19.0),
(102,45,13,'50X60 (color)',100,432.0,24.0),
(103,45,13,'30X40  blanca  ',100,144.0,8.0),
(104,29,13,'60X80 (reforzada) blanca',100,495.0,55.0),
(105,29,13,'45X60 (reforzada) blanca',100,324.0,24.0),
(106,29,13,'50X70 (reforzada) blanca',100,405.0,30.0),
(107,29,13,'20X30 (reforzada) blanca',100,350.0,8.0),
(108,29,13,'30x40 (reforzada)  blanca',100,165.0,10.0),
(109,29,13,'40X50 (reforzada) blanca',100,265.0,15.0),
(110,29,13,'50X60 (reforzada) blanca',100,516.0,28.0),
(111,41,13,'80X110CMS X 10',10,216.0,12.0),
(112,41,13,'60X90  CMS X 50 reforzada',50,650.0,70.0),
(113,41,13,'80X110CMS X 50 reforzada',50,960.0,140.0),
(114,41,13,'60X90  CMS X 10 ',10,240.0,8.0),
(115,41,13,'90X120CMS X 10',10,336.0,18.0),
(116,26,13,'40 X 50 CMS B/RIÑON',50,60.0,67.0),
(117,26,13,'17 X 25 CMS B/RIÑON ',100,36.0,40.0),
(118,26,13,'50 X 60 CMS B/RIÑON',50,99.0,110.0),
(119,26,13,'35 X 45 CMS B/RIÑON',50,51.0,54.0),
(120,26,13,'30 X 40 CMS B/RIÑON',50,36.0,39.0),
(121,26,13,'25 X 35 CMS B/RIÑON',50,27.0,30.0),
(122,26,13,'20 X 30 CMS B/RIÑON',50,22.0,25.0),
(123,35,13,'BOLSA  Nº 6L',100,450.0,25.0),
(124,35,13,'BOLSA  Nº 1  ',100,198.0,11.0),
(125,35,13,'BOLSA  Nº 1L',100,216.0,12.0),
(126,35,13,'BOLSA  Nº 2',100,234.0,13.0),
(127,35,13,'BOLSA  Nº 2L',100,252.0,14.0),
(128,35,13,'BOLSA  Nº 3',100,252.0,14.0),
(129,35,13,'BOLSA  Nº 3L',100,270.0,15.0),
(130,35,13,'BOLSA  Nº 4',100,306.0,17.0),
(131,35,13,'BOLSA  Nº 4A',100,324.0,18.0),
(132,35,13,'BOLSA  Nº 5',100,378.0,21.0),
(133,35,13,'BOLSA  Nº 8',100,324.0,36.0),
(134,35,13,'BOLSA  Nº 7',100,270.0,30.0),
(135,35,13,'BOLSA  Nº 6',100,414.0,23.0),
(136,44,13,'BOLSA PP 15 X 20 CMS.',100,90.0,10.0),
(137,44,13,'BOLSA PP 12 X 35 CMS.',100,117.0,13.0),
(138,44,13,'BOLSA PP 12 X 30 CMS.',100,100.0,11.0),
(139,44,13,'BOLSA PP 10 X 30 CMS.',100,90.0,10.0),
(140,44,13,'BOLSA PP 20 X 40 CMS.',100,216.0,24.0),
(141,44,13,'BOLSA PP 20 X 35 CMS.',100,191.0,21.0),
(142,44,13,'BOLSA PP 20 X 30 CMS.',100,134.0,16.0),
(143,44,13,'BOLSA PP 20 X 25 CMS.',100,135.0,15.0),
(144,44,13,'BOLSA PP 20 X 20 CMS.',100,113.0,12.5),
(145,44,13,'BOLSA PP 17 X 25 CMS.',100,126.0,14.0),
(146,44,13,'BOLSA PP 15 X 45 CMS.',100,191.0,21.0),
(147,44,13,'BOLSA PP 15 X 40 CMS.',100,162.0,18.0),
(148,44,13,'BOLSA PP 15 X 35 CMS.',100,153.0,17.0),
(149,44,13,'BOLSA PP 15 X 30 CMS.',100,117.0,13.0),
(150,44,13,'BOLSA PP 15 X 25 CMS.',100,104.0,11.5),
(151,44,13,'BOLSA PP 12 X 25 CMS.',100,90.0,10.0),
(152,44,13,'BOLSA PP 12 X 20 CMS.',100,77.0,8.5),
(153,44,13,'BOLSA PP 12 X 15 CMS.',100,63.0,7.0),
(154,44,13,'BOLSA PP 10 X 25 CMS.',100,77.0,8.5),
(155,44,13,'BOLSA PP 10 X 20 CMS.',100,63.0,7.0),
(156,44,13,'BOLSA PP 10 X 15 CMS.',100,55.0,6.0),
(157,44,13,'BOLSA PP  8 X 30 CMS.',100,81.0,9.0),
(158,44,13,'BOLSA PP  8 X 25 CMS.',100,67.0,7.5),
(159,44,13,'BOLSA PP  8 X 20 CMS.',100,63.0,7.0),
(160,44,13,'BOLSA PP  8 X 15 CMS.',100,50.0,5.5),
(161,44,13,'BOLSA PP  8 X 12 CMS.',100,45.0,5.0),
(162,44,13,'BOLSA PP  8 X 10 CMS.',100,45.0,5.0),
(163,44,13,'BOLSA PP  6 X 30 CMS.',100,63.0,7.0),
(164,44,13,'BOLSA PP  6 X 25 CMS.',100,55.0,6.0),
(165,44,13,'BOLSA PP  6 X 20 CMS.',100,50.0,5.5),
(166,44,13,'BOLSA PP  6 X 15 CMS.',100,45.0,5.0),
(167,44,13,'BOLSA PP  5 X 30 CMS.',100,55.0,6.0),
(168,44,13,'BOLSA PP  5 X 25 CMS.',100,50.0,5.5),
(169,44,13,'BOLSA PP  5 X 20 CMS.',100,45.0,5.0),
(170,44,13,'BOLSA PP 50 X 70 CMS.',100,990.0,145.0),
(171,44,13,'BOLSA PP 50 X 60 CMS.',100,743.0,86.0),
(172,44,13,'BOLSA PP 45 X 60 CMS.',100,762.0,82.0),
(173,44,13,'BOLSA PP 40 X 60 CMS.',100,648.0,72.0),
(174,44,13,'BOLSA PP 40 X 50 CMS.',100,477.0,53.0),
(175,44,13,'BOLSA PP 35 X 50 CMS.',100,387.0,43.0),
(176,44,13,'BOLSA PP 35 X 45 CMS.',100,350.0,39.0),
(177,44,13,'BOLSA PP 35 X 40 CMS.',100,340.0,38.0),
(178,44,13,'BOLSA PP 30 X 45 CMS.',100,350.0,39.0),
(179,44,13,'BOLSA PP 30 X 40 CMS.',100,270.0,31.0),
(180,44,13,'BOLSA PP 30 X 35 CMS.',100,270.0,31.0),
(181,44,13,'BOLSA PP 25 X 40 CMS.',100,260.0,29.0),
(182,44,13,'BOLSA PP 25 X 35 CMS.',100,216.0,24.0),
(183,44,13,'BOLSA PP 25 X 30 CMS.',100,191.0,21.0),
(184,44,13,'BOLSA PP 22 X 40 CMS.',100,225.0,25.0),
(185,44,13,'BOLSA PP 22 X 35 CMS.',100,198.0,22.0),
(186,44,13,'BOLSA PP 22 X 30 CMS.',100,171.0,19.0),
(187,7,13,'50X70 X 10',10,320.0,5.0),
(188,7,8,'45X60 X160 aprox / reforzada (rollo)',1,120.0,125.0),
(189,7,8,'50X70 X170 aprox/ reforzada  (rollo)',1,120.0,125.0),
(190,7,13,'45X60 X 10 ',10,260.0,3.0),
(191,8,13,'FREEZ-ORM 45X30X10',10,312.0,15.0),
(192,61,12,'BOMBONERA  1/4 KG',1,225.0,5.0),
(193,61,12,'BOMBONERA  1 KG',1,126.0,7.0),
(194,61,12,'BOMBONERA  1/2 KG',1,216.0,6.0),
(195,55,10,'P/ ARMAR 35 X 25 X 25',1,157.0,7.0),
(196,55,10,'P/ ARMAR NAVIDEÑAS',1,225.0,10.0),
(197,55,10,'P/ ARMAR 20 X 20 X 20',1,113.0,5.0),
(198,55,10,'P/ ARMAR 60 X 40 X 40',1,288.0,16.0),
(199,55,10,'P/ ARMAR 40 X 30 X 30',1,202.0,9.0),
(200,55,10,'P/ ARMAR 50 X 40 X 30',1,270.0,12.0),
(201,55,10,'P/ ARMAR 30 X 20 X 20',1,135.0,6.0),
(202,18,13,'MICRO  M/M GR  ESTANDAR  (1 COLOR)',100,220.0,230.0),
(203,18,13,'MICRO  M/M EMP X 18  EST  (1 COLOR)',100,220.0,230.0),
(204,18,13,'MICRO  M/M EMP X 12  EST  (1 COLOR)',100,220.0,230.0),
(205,18,13,'MICRO  M/M CH  ESTANDAR  (1 COLOR)',100,210.0,220.0),
(206,58,13,'MICRO  B/M  GRANDE (LISA)',100,325.0,335.0),
(207,58,13,'MICRO  B/M  EMP X 18  (LISA)',100,320.0,330.0),
(208,58,13,'MICRO  B/M  EMP X 12  (LISA)',100,320.0,330.0),
(209,58,13,'MICRO  B/M  CHICA  (LISA)',100,320.0,330.0),
(210,46,13,'MICRO  M/M GRANDE  (LISAS)',100,200.0,210.0),
(211,46,13,'MICRO  M/M EMP X 18 (LISAS)',100,200.0,210.0),
(212,46,13,'MICRO  M/M EMP X 12 (LISAS)',100,200.0,210.0),
(213,46,13,'MICRO  M/M CHICA (LISAS)',100,195.0,205.0),
(214,46,13,'MICRO  M/M GRANDE  (LISAS)economica',100,180.0,190.0),
(215,64,13,'GRIS GRANDE comun N°50',100,95.0,105.0),
(216,64,13,'CAJAS PARA RAVIOLES comun',100,100.0,110.0),
(217,64,13,'GRIS GRANDE  super  N°40',100,110.0,122.0),
(218,64,13,'GRIS GRANDE reforzada N°45',100,105.0,115.0),
(219,64,13,'CAJAS PARA RAVIOLES reforzada',100,120.0,130.0),
(220,11,13,'ESTALLIDOS 27 X 36',20,81.0,90.0),
(221,11,13,'ESTALLIDOS 7 X 9',20,6.0,7.0),
(222,11,13,'"ESTALLIDOS 4,5X6"',20,4.0,5.0),
(223,11,13,'ESTALLIDOS 3 X 4',20,4.0,5.0),
(224,11,7,'FAJAS AUT.VARIOS MOTIVOS CHICOS',1,7.0,8.0),
(225,11,7,'FAJAS AUT.VARIOS MOTIVOS GRANDES',1,14.0,16.0),
(226,11,13,'ESTALLIDOS 13 X 18',20,16.0,18.0),
(227,11,13,'ESTALLIDOS 15 X 20',20,18.0,20.0),
(228,11,13,'ESTALLIDOS 10 X 12 ',20,13.0,15.0),
(229,11,13,'"ESTALLIDOS 9 X 11,5"',20,11.0,12.0),
(230,11,13,'"ESTALLIDOS 7 X 9,5"',20,6.0,7.0),
(231,15,8,'ROLLO 100 CMS  X 25/30 METROS',1,56.0,62.0),
(232,15,8,'ROLLO 90 CMS  X 25/30 METROS',1,51.0,56.0),
(233,15,8,'ROLLO 120 CMS  X 25/30 METROS ',1,61.0,68.0),
(234,15,8,'ROLLO 140 CMS  X 25/30 METROS',1,66.0,74.0),
(235,15,8,'ROLLO 80 CMS  X 25/30 METROS ',1,44.0,49.0),
(236,30,2,'24 X 50 CM  (RAPIFIX)',1,648.0,20.0),
(237,30,2,'36 X 50 CM  (RAPIFIX)',1,626.0,29.0),
(238,30,2,'48 X 50 CM  (RAPIFIX)',1,665.0,37.0),
(239,30,2,'12 X 50 CM  (RAPIFIX)',1,792.0,10.0),
(240,30,2,'18 X 50 CM  (RAPIFIX)',1,648.0,15.0),
(241,33,2,'48 X 50 Transparente',1,324.0,10.0),
(242,33,2,'48 X 50 MARRON',1,324.0,10.0),
(243,33,2,'12 X 30 Transparente',1,907.0,3.5),
(244,33,2,'24 X 50 Transparente',1,453.0,7.0),
(245,36,11,'CUCHARAS P/HELADO PALA VIRGEN',1,440.0,50.0),
(246,36,10,'CUCHARAS  SOPERA  VIRGEN',1000,175.0,195.0),
(247,36,10,'CUCHARAS SUNDAE  COMUN',1000,100.0,110.0),
(248,36,1,'PINCHES P/COPETIN (ESPADITAS)',1000,202.0,45.0),
(249,36,1,'AGITADORES P/TRAGO LARGO CRISTAL',100,225.0,25.0),
(250,36,1,'AGITADORES P/CAFÉ CRISTAL',1000,320.0,35.0),
(251,36,11,'CUCHARAS P/HELADO PALA COMUN',1,320.0,35.0),
(252,36,10,'CUCHARAS SUNDAE  VIRGEN',1000,120.0,130.0),
(253,36,10,'TENEDORES PLASTICOS VIRGEN',1000,172.0,190.0),
(254,36,10,'CUCHILLOS PLASTICOS VIRGEN',1000,172.0,190.0),
(255,33,2,'48 X 100 MARRON',1,0.0,16.0),
(256,2,10,'TAPAS P/ENSALADERAS (650cc)',100,138.0,154.0),
(257,2,10,'ENSALADERA P/ GRANDE (850cc)C/TAPA',100,298.0,332.0),
(258,2,10,'ENSALADERA P/ MEDIANA (650cc)',100,145.0,162.0),
(259,20,10,'MOTEX  BLANCO',1,4.0,5.0),
(260,20,10,'"MOTEX  (amarillo,verde,naranja)"',1,5.0,6.5),
(261,38,8,'ROLLO  10 CMS.  (VIRGEN)',1,13.0,15.0),
(262,38,8,'ROLLO  50 CMS. S/MANGO  ',1,26.0,28.5),
(263,38,8,'ROLLO  50 CMS. C/MANGO ',1,26.0,28.5),
(264,66,13,'50 X 80 CMS',100,157.0,175.0),
(265,66,13,'45 X 70 CMS',100,135.0,150.0),
(266,66,13,'60 X 90 CMS',100,225.0,248.0),
(267,53,10,'"GUANTES DE LATEX (S),(M),(L)"',100,75.0,80.0),
(268,53,13,'GUANTES PLASTICOS X100',100,940.0,15.0),
(269,31,13,'HILO DE FORMIO (sisal) X 30 MTS',10,800.0,89.0),
(270,31,13,'HILO CHORICERO EN OVILLO X 50 GRS',10,65.0,8.0),
(271,31,13,'HILO CHORICERO EN BOBINA X KILO',1,190.0,21.0),
(272,31,13,'HILO ALGODÓN EN  OVILLOS X 50 GRS',10,35.0,4.0),
(273,31,9,'HILO  ALGODÓN EN BOBINA 3 HERBAS',1,135.0,15.0),
(274,31,13,'HILO CINTA X 1.500gr/aprox',1,214.0,39.0),
(275,31,13,'HILO RECUPERADO 400 GRS',1,255.0,19.0),
(276,19,11,'20X25 CMS',1,365.0,42.0),
(277,19,11,'25X37 CMS',1,365.0,42.0),
(278,19,11,'37X50 CMS',1,365.0,42.0),
(279,19,11,'13X26 CMS P/HAMBURGUESA (doble)',1,384.0,42.0),
(280,19,11,'20X25 CMS comun',1,336.0,40.0),
(281,12,13,'P/BUDIN CON ALETA X 40',100,837.0,93.0),
(282,12,13,'P/PAN DULCE X 100 GRS',100,495.0,55.0),
(283,12,13,'P/PAN DULCE X 250 GRS',100,558.0,62.0),
(284,12,13,'P/PAN DULCE X 500 GRS',100,675.0,75.0),
(285,12,13,'P/PAN DULCE X 700 GRS',100,765.0,85.0),
(286,12,13,'P/PAN DULCE X 1000GRS',100,810.0,90.0),
(287,12,13,'P/BIZCOCHUELO N° 20X50',100,145.0,161.0),
(288,12,13,'P/BIZCOCHUELO N° 22X50',100,155.0,172.0),
(289,12,13,'P/ROSCA N°20X50',100,165.0,183.0),
(290,12,13,'P/ROSCA N°22X50',100,178.0,197.0),
(291,67,13,'N°2 MAGICO P/ARMAR',100,34.0,38.0),
(292,67,13,'N°1 MAGICO P/ARMAR',100,24.0,27.0),
(293,67,13,'N°0 MAGICO P/ARMAR',100,20.0,22.0),
(294,63,13,'300 MTS  P/EXPENDEDOR',4,76.0,84.0),
(295,63,13,'ROOLO DE COCINA ELEGANTE X 50 P',3,90.0,100.0),
(296,63,13,'30 MTS X 4 GRIS COMUN',4,90.0,100.0),
(297,63,13,'30 MTS X 4 BLANCO ELEGANTE',4,117.0,130.0),
(298,63,13,'ROLLO DE COCINA DICHA X 50 P',3,82.0,88.0),
(299,42,11,'PAPEL DIARIO EN BOBINA 60 CMS',1,148.0,16.0),
(300,42,11,'PAPEL DIARIO EN HOJAS 40 X 50',1,148.0,16.0),
(301,42,11,'PAPEL DIARIO EN HOJAS 30 X 40',1,148.0,16.0),
(302,42,11,'PAPEL DIARIO EN HOJAS 35 X 45',1,148.0,16.0),
(303,42,11,'BOBINA FANTASIA  40 CMS',1,26.0,29.0),
(304,42,11,'PAPEL DIARIO EN HOJAS 45 X 60',1,148.0,16.0),
(305,42,11,'PAPEL DIARIO EN HOJAS 50 X 70',1,148.0,16.0),
(306,42,11,'PAPEL DIARIO EN HOJAS 64 X 90',1,148.0,16.0),
(307,42,11,'PAPEL DIARIO EN BOBINA 40 CMS',1,148.0,16.0),
(308,42,11,'FONDO RAVIOLERO SATINADO',1,170.0,18.0),
(309,42,11,'FONDO PIZZERO SATINADO 25 X 25 (CH)',1,170.0,18.0),
(310,42,11,'FONDO PIZZERO SATINADO 31 X 31 (GR)',1,170.0,18.0),
(311,42,11,'FONDO PIZZERO COMUN 25 X 25',1,148.0,16.0),
(312,42,11,'FONDO PIZZERO COMUN 31 X 31',1,148.0,16.0),
(313,42,11,'BOBINA PANEDARIA/PIZZERIA 60 CMS',1,26.0,29.0),
(314,42,11,'BOBINA PANEDARIA/PIZZERIA 40 CMS',1,26.0,29.0),
(315,42,11,'KRAFT EN BOBINA 60 CMS (50/80Grs)',1,17.0,18.5),
(316,42,11,'KRAFT EN BOBINA 40 CMS (50/80Grs)',1,17.0,18.5),
(317,42,11,'BOBINA LINEA DORADA 60 CMS',1,36.0,39.0),
(318,42,11,'BOBINA LINEA DORADA 40 CMS',1,36.0,39.0),
(319,42,11,'BOBINA FANTASIA  60 CMS',1,26.0,29.0),
(320,65,10,'PIROT.N°10',1000,81.0,90.0),
(321,65,10,'PIROT.N°10L',1000,61.0,67.0),
(322,65,10,'PIROT.N°11',1000,83.0,93.0),
(323,65,10,'PIROT.N°3',1000,22.0,25.0),
(324,65,10,'PIROT.N°4',1000,24.0,27.0),
(325,65,10,'PIROT.N°5',1000,30.0,33.0),
(326,65,10,'PIROT.N°6',1000,33.0,37.0),
(327,65,10,'PIROT.N°7',1000,39.0,43.0),
(328,65,10,'PIROT.N°8',1000,47.0,52.0),
(329,65,10,'PIROT.N°9',1000,49.0,54.0),
(330,16,13,'PLATO 17 CMS BLANCO BAN-PLAST',50,25.0,28.0),
(331,16,13,'OCTOGONAL PLASTICO 17 CMS',100,219.0,243.0),
(332,16,13,'OCTOGONAL PLASTICO 22 CMS',100,329.0,365.0),
(333,16,13,'PLATO 17 CMS BLANCO ECONOMICO',50,20.0,22.0),
(334,16,13,'PLATO 22 CMS BLANCO ECONOMICO',50,33.0,37.0),
(335,16,13,'PLATO 22 CMS BLANCO BAN-PLAST',50,55.0,50.0),
(336,32,6,' N°34  X  1000ml  C/TAPA (ISOPOR)',100,326.0,3.5),
(337,32,6,'   X 1000ml C/TAPA (BANDEX)',100,978.0,3.5),
(338,17,13,'PLATO 24 CMS',50,157.0,3.5),
(339,17,13,'BANDEJA  1/4 KILO',100,180.0,2.0),
(340,17,13,'BANDEJA  1/2 KILO',50,112.0,2.5),
(341,17,13,'BANDEJA  3/4 KILO',50,135.0,3.0),
(342,17,13,'PLATO 34 CMS',50,270.0,6.0),
(343,17,13,'PLATO 31 CMS',50,225.0,5.0),
(344,17,13,'PLATO 28 CMS',50,202.0,4.5),
(345,17,13,'PLATO 26 CMS',50,180.0,4.0),
(346,17,13,'BANDEJA  1 KILO',50,157.0,3.5),
(347,17,13,'BANDEJA 1 1/2 KILO',50,180.0,4.0),
(348,17,13,'BANDEJA  2 KILO',50,225.0,5.0),
(349,17,13,'BANDEJA 2 1/2 KILO',50,270.0,6.0),
(350,17,13,'BANDEJA  3 KILO',50,315.0,7.0),
(351,17,13,'PLATO 22 CMS',50,135.0,3.0),
(352,43,5,'PORTA CINTA 30CM (CHICO)',1,31.0,35.0),
(353,43,5,'PORTA ROLLO TURNO',1,76.0,84.0),
(354,43,5,'PORTA HILO',1,113.0,126.0),
(355,43,5,'PORTA CINTA 60CM (GRANDE)',1,40.0,45.0),
(356,43,5,'PORTABOBINAS  40CM',1,122.0,136.0),
(357,43,5,'PORTABOBINAS  60CM',1,138.0,153.0),
(358,43,5,'PORTABOBINAS 40/60CM  (COMBINADA)',1,183.0,203.0),
(359,43,5,'RACIONADOR DE CINTA EMBALAR (GR)',1,110.0,122.0),
(360,43,5,'RACIONADOR DE CINTA EMBALAR (CH)',1,65.0,73.0),
(361,43,5,'PORTA ROLLO FILM PVC',1,249.0,282.0),
(362,43,5,'DISPENSER LIMPIA MANOS (PIE)',1,202.0,224.0),
(363,43,5,'DISPENSER LIMPIA MANOS (PARED)',1,148.0,164.0),
(364,43,5,'DISPENSER TOALLERO',1,98.0,108.0),
(365,43,5,'DISPENSER HIGIENICO',1,95.0,105.0),
(366,43,5,'DISPENSER JABONERA (PARED)',1,103.0,115.0),
(367,43,5,'ETIQUETEADORA (JOLLY) 8 digitos',1,370.0,410.0),
(368,48,13,'PORTAPANCHO GRIS ',100,50.0,11.0),
(369,48,13,'CUCURUCHO PAPA FRITA',100,67.0,25.0),
(370,57,3,'POTE BISAGRA (3042)  250cc',100,720.0,1.0),
(371,57,3,'POTE BISAGRA (3071)  750cc',100,864.0,1.2),
(372,57,3,'POTE BISAGRA (3050)  500cc',100,746.0,1.1),
(373,24,13,'POTE 360 cc',100,312.0,0.75),
(374,24,13,'POTE 120 cc',100,255.0,0.3),
(375,24,13,'POTE 180 cc',100,314.0,0.4),
(376,24,13,'POTE 240 cc',100,412.0,0.5),
(377,54,13,'POTE 1/2 KILO',20,288.0,3.2),
(378,54,13,'POTE 1  KILO',20,387.0,4.3),
(379,54,13,'POTE 1/4 KILO',20,180.0,2.0),
(380,3,3,'TAPAS PARA (150/250/500cc)',100,405.0,45.0),
(381,3,3,'POTE NATURAL 500cc',100,972.0,108.0),
(382,3,3,'POTE NATURAL 250cc',100,648.0,72.0),
(383,3,3,'POTE NATURAL 150cc',100,603.0,67.0),
(384,9,13,'PRECINTOS  PLAST. 9 CM',1000,540.0,12.0),
(385,9,13,'PRECINTOS  PLAST. 6 CM',1000,405.0,9.0),
(386,51,13,'RESMA A4  75GR  (AUTOR)',500,531.0,59.0),
(387,51,13,'OFICIO  75GR  (AUTOR)',500,621.0,69.0),
(388,51,13,'OFICIO  70GR  (AUTOR)',500,585.0,65.0),
(389,51,13,'RESMA A4  80GR  (AUTOR)',500,585.0,65.0),
(390,51,13,'RESMA A4  70GR  (AUTOR)',500,583.0,54.0),
(391,28,8,'FILM  38 X 300 MTS',1,624.0,44.0),
(392,28,8,'ALUMINIO 30 X 5 MTS ',1,180.0,8.0),
(393,28,8,'MANTECA 30 X 5 MTS ROLLO',1,240.0,8.0),
(394,28,8,'FILM  45 X 300 MTS',1,880.0,55.0),
(395,28,8,'FILM  30 X 300 MTS',1,468.0,33.5),
(396,28,8,'FILM  30 X 30 MTS',1,180.0,8.0),
(397,28,8,'FILM  45 X 800 MTS ',1,202.0,225.0),
(398,28,8,'FILM  38 X 800 MTS ',1,180.0,200.0),
(399,28,8,'FILM  30 X 800 MTS ',1,145.0,160.0),
(400,39,13,'44 MM X 50 MTS. TERMICO',10,675.0,75.0),
(401,39,13,'57 MM X 30 MTS. TERMICO',10,540.0,60.0),
(402,39,13,'76 MM X 30 MTS. QUIMICO',10,513.0,114.0),
(403,13,13,'37MM X 50MTS. OBRA',10,360.0,40.0),
(404,13,13,'44MM X 50MTS. OBRA',10,450.0,50.0),
(405,13,13,'76MM X 30MTS. OBRA',10,227.0,52.0),
(406,13,13,'57MM X 30MTS. OBRA',10,315.0,35.0),
(407,5,8,'LIMPIA MANOS 25cm X 400mt ELEGANTE',1,99.0,110.0),
(408,5,10,'TOALLAS INTERCALADAS (4pliegos)',2400,126.0,140.0),
(409,5,10,'T/BAR X 10.000 ECONOMICA',10000,85.0,95.0),
(410,5,10,'18 X 18 CMS X 2000 ECONOMICA',2000,51.0,56.0),
(411,5,10,'24 X 24 CMS   ECONOMICA',2000,67.0,75.0),
(412,5,10,'33 X 33 X 1000   ELEGANTE',1000,74.0,82.0),
(413,5,8,'LIMPIA MANOS 20cm X 400mt ELEGANTE',1,86.0,95.0),
(414,34,13,'SOBRE 15 X 25 CMS',100,486.0,54.0),
(415,34,13,'SOBRE 14 X 21 CMS',100,278.0,42.0),
(416,34,13,'SOBRE  8 X 26 CMS',100,270.0,30.0),
(417,34,13,'SOBRE  7 X 10 CMS',100,135.0,16.0),
(418,34,13,'SOBRE  7 X 20 CMS',100,414.0,23.0),
(419,34,13,'SOBRE 25 X 35 CMS',100,504.0,112.0),
(420,34,13,'SOBRE 29 X 39 CMS',100,675.0,150.0),
(421,34,13,'SOBRE 20 X 29 CMS',100,702.0,78.0),
(422,34,13,'SOBRE  9 X 15 CMS',100,180.0,20.0),
(423,37,10,'1000 ENSOBRADOS',1000,47.0,57.0),
(424,37,1,'300 COLOR FLEXIBLE',1,58.0,65.0),
(425,37,1,'600 SIN ENSOBRAR NEGRO',1,324.0,45.0),
(426,47,4,'TALON. CHICO X 50 HOJAS DOBLE',1,648.0,6.0),
(427,47,4,'TALON. GRANDE X 50 HOJAS DOBLE',1,792.0,11.0),
(428,49,13,'10JLP/VASO 300cc',100,232.0,27.0),
(429,49,13,'20JLP/VASO 360cc',100,344.0,39.0),
(430,49,13,'4JL  P/VASO 120cc',100,183.0,22.0),
(431,49,13,'6JL  P/VASO 180cc',100,201.0,24.0),
(432,49,13,'8JL  P/VASO 240cc',100,218.0,26.0),
(433,27,13,'TORTERA N°32  ALTA ',100,840.0,9.4),
(434,27,13,'TORTERA N°28  BAJA',100,600.0,7.0),
(435,27,13,'TORTERA N°26  BAJA',100,480.0,5.5),
(436,27,13,'TORTERA N°28  ALTA',100,624.0,7.5),
(437,27,13,'TORTERA N°32  BAJA',100,790.0,8.8),
(438,27,13,'TORTERA N°26  ALTA',100,504.0,6.0),
(439,23,11,'TRIPODES VIRGEN',1,279.0,31.0),
(440,23,11,'TRIPODES COMUN',1,192.0,22.0),
(441,52,10,'ESCARBADIENTES A GRANEL X 3000',3000,130.0,145.0),
(442,52,13,'SERVILLETERO PLASTICO T/BAR',1,22.0,25.0),
(443,52,13,'"LANCHERA V/COLORES (BOCA,RIVER)"',1,110.0,120.0),
(444,52,8,'ROLLOS PARA TURNO X 1000 numeros',1,54.0,5.0),
(445,52,13,'TACOS 9X9 ',1,180.0,8.0),
(446,1,13,'TRAGO LARGO (transparente)',100,225.0,1.0),
(447,1,13,'CHAMPAGNE CRISTAL',100,945.0,3.5),
(448,1,13,'COMPOTERA CRISTAL',100,569.0,1.15),
(449,28,8,'ALUMINIO 38 X 1 KILO ',1,1476.0,82.0),
(450,52,10,'REJILLAS PLASTICAS',800,1080.0,1.5),
(451,1,13,'WHISKY  CRISTAL',100,468.0,2.0),
(452,1,13,'SIDRA CRISTAL',100,180.0,1.0),
(453,1,13,'"TRAGO LARGO (azul,rojo,amarillo,verde)"',100,270.0,1.2),
(454,6,13,'VASOS BLANCOS 180 cc',100,756.0,28.0),
(455,6,13,'VASOS BLANCOS 110 cc',100,912.0,26.0),
(456,6,13,'VASOS BLANCOS 500 cc',100,916.0,106.0),
(457,6,13,'VASOS BLANCOS 330 cc',100,950.0,44.0),
(458,6,13,'VASOS BLANCOS 300 cc',100,907.0,42.0),
(459,6,13,'VASOS BLANCOS 220 cc',100,918.0,34.0),
(460,25,13,'VASO  120 cc',100,186.0,22.5),
(461,25,13,'VASO  165 cc',100,255.0,30.0),
(462,25,13,'VASO  180 cc',100,229.0,27.0),
(463,25,13,'VASO  240 cc',100,267.0,32.0),
(464,25,13,'VASO  475 cc',100,600.0,70.0),
(465,25,13,'VASO  300 cc',100,330.0,38.0),
(466,25,13,'VASO  330 cc',100,400.0,46.0),
(467,25,13,'VASO  360 cc',100,438.0,50.0),
(468,31,5,'CINTA RECUPERADO (BOB X 2KG)',1,210.0,39.0),
(469,19,11,'13X13 CMS P/HAMBURGUESA',1,312.0,30.0),
(470,28,8,'MANTECA 38 X 50 MTS ROLLO',1,1500.0,80.0),
(471,6,13,'VASOS BLANCOS 70 cc ',100,1235.0,28.0),
(472,44,13,'BOLSA PP 45 X 70 CMS.',100,1000.0,135.0),
(473,6,13,'VASOS BLANCOS 800 cc',100,1010.0,170.0),
(474,6,13,'VASOS BLANCOS 1000cc',100,1188.0,198.0),
(475,22,13,'FLANERA H 7',100,1170.0,85.0),
(476,22,13,'FLANERA H 10',100,1170.0,85.0),
(477,33,2,'48 X 100 Transparente',1,1037.0,16.0),
(478,36,10,'CUCHILLOS PLASTICOS COMUN',1000,0.0,170.0),
(479,36,10,'TENEDORES PLASTICOS COMUN',1000,0.0,170.0);
