INSERT INTO roles (id,name) VALUES 
(1,'admin'),
(2,'client');

INSERT INTO users (email_address,first_name,last_name,password,role_id) VALUES
('mcarrizo@ternopel.com','Maxi','Admin','5c969619',1),
('mcarrizo@gmail.com','Maxi','Client','5c969619',2),
('smarmo@ternopel.com','Sergio','Admin','42929c',1),
('smarmo@gmail.com','Sergio','Client','42929c',2);

INSERT INTO categories (id,name,url) VALUES 
(1,'Vasos De Cristal Y Varios','1-vasos-de-cristal-y-varios'),
(2,'Ensaladeras Plasticas','2-ensaladeras-plasticas'),
(3,'Potes Y Tapas Plasticas','3-potes-y-tapas-plasticas'),
(4,'Bobinas De Arranque Rendidora','4-bobinas-de-arranque-rendidora'),
(5,'Servilletas A Granel X Menor X Mayor','5-servilletas-a-granel'),
(6,'Vasos Plasticos Blancos','6-vasos-plasticos-blancos'),
(7,'Bolsas De Residuos','7-bolsas-de-residuos'),
(8,'Bolsas Para Horno','8-bolsas-para-horno'),
(9,'Precintos','9-precintos'),
(10,'Bandas Elasticas X Menor X Mayor','10-bandas-elasticas'),
(11,'Carteles/Estallidos','11-carteles-estallidos'),
(12,'Moldes De Papel P/Pan Dulce','12-moldes-de-papel-p-pan-dulce'),
(13,'Rollos Registradora(Obra) X Menor X Mayor','13-rollos-registradora-obra'),
(14,'Bandejas De Carton ( Gris)','14-bandejas-de-carton-gris'),
(15,'Carton Corrugado','15-carton-corrugado'),
(16,'Platos Descartables X Menor X Mayor','16-platos-descartables'),
(17,'Platos Y Bandejas Doradas','17-platos-y-bandejas-doradas'),
(18,'Cajas De Pizza Y Emp /Estandar/','18-cajas-de-pizza-y-emp-estandar'),
(19,'Laminas Para Fiambres','19-laminas-para-fiambres'),
(20,'Etiquetas (Motex)','20-etiquetas-motex'),
(21,'Bandejas De Carton ( Blanca )','21-bandejas-de-carton-blanca'),
(22,'Aluminio / Bandejas','22-aluminio-bandejas'),
(23,'Tripode','23-tripode'),
(24,'Potes Termicos Para Alimento','24-potes-termicos-para-alimento'),
(25,'Vasos Termicos (Dart) X Menor X Mayor','25-vasos-termicos'),
(26,'Bolsas De Fantasia/Riñón','26-bolsas-de-fantasia-rinon'),
(27,'Torteras Plasticas C/Tapas X Menor X Mayor','27-torteras-plasticas-c-tapas'),
(28,'Rollos De P.V.C','28-rollos-de-pvc'),
(29,'Bolsas Camisetas (Reforzadas)','29-bolsas-camisetas-reforzadas'),
(30,'Cinta De Papel','30-cinta-de-papel'),
(31,'Hilos Y Cintas','31-hilos-y-cintas'),
(32,'Platos Termicos','32-platos-termicos'),
(33,'Cintas Adhesivas X Menor X Mayor','33-cintas-adhesivas'),
(34,'Sobres De Papel Fantasia','34-sobres-de-papel-fantasia'),
(35,'Bolsas De Papel Sulfito/Kraft','35-bolsas-de-papel-sulfito-kraft'),
(36,'Cubiertos Plasticos','36-cubiertos-plasticos'),
(37,'Sorbetes','37-sorbetes'),
(38,'Film Strech','38-film-strech'),
(39,'Rollos Registradora (Termico)','39-rollos-registradora-termico'),
(40,'Bandejas De Carton Redondas','40-bandejas-de-carton-redondas'),
(41,'Bolsas De Consorcio X Menor X Mayor','41-bolsas-de-consorcio'),
(42,'Papeles/ Bobina/Resmas','42-papeles-bobina-resmas'),
(43,'Porta Cintas-Hilo-Dispenser','43-porta-cintas-hilo-dispenser'),
(44,'Bolsas De Polipropileno','44-bolsas-de-polipropileno'),
(45,'Bolsas Camisetas (Economicas)','45-bolsas-camisetas-economicas'),
(46,'Cajas De Pizzas Y Empanadas M/M','46-cajas-de-pizzas-y-empanadas-m-m'),
(47,'Talonarios Duplicados','47-talonarios-duplicados'),
(48,'Portapancho/Cucurucho','48-portapancho-cucurucho'),
(49,'Tapsa Para Vasos Termicos','49-tapsa-para-vasos-termicos'),
(50,'Blondas De Papel Caladas','50-blondas-de-papel-caladas'),
(51,'Resmas De Papel P/Fotocopias','51-resmas-de-papel-p-fotocopias'),
(52,'Varios','52-varios'),
(53,'Guantes Descartables','53-guantes-descartables'),
(54,'Potes Termicos Para Helado','54-potes-termicos-para-helado'),
(55,'Cajas De Carton Corrugado','55-cajas-de-carton-corrugado'),
(56,'Bandejas Plasticas P/ Microondas','56-bandejas-plasticas-p-microondas'),
(57,'Potes Bisagra Rotlen X Menor X Mayor','57-potes-bisagra-rotlen'),
(58,'Cajas De Pizzas Y Empanadas B/M','58-cajas-de-pizzas-y-empanadas-b-m'),
(59,'Bandejas De Expandido','59-bandejas-de-expandido'),
(60,'Bandejas Plasticas Comunes','60-bandejas-plasticas-comunes'),
(61,'Bombonera De Carton','61-bombonera-de-carton'),
(62,'Bobinas De Arranque','62-bobinas-de-arranque'),
(63,'Papel Higienico/Rollo De Cocina','63-papel-higienico-rollo-de-cocina'),
(64,'Cajas De Pizzas Y Ravioles','64-cajas-de-pizzas-y-ravioles'),
(65,'Pirotines','65-pirotines'),
(66,'Fundas Para Ropa De P.P X Menor X Mayor','66-fundas-para-ropa-de-pp'),
(67,'Moños','67-monos');

INSERT INTO packaging (id,name) VALUES 
(1,'Bolsa'),
(2,'Cinta'),
(3,'Pote'),
(4,'Talon'),
(5,'C/U'),
(6,'Plato'),
(7,'Fajas'),
(8,'Rollo'),
(9,'Bobina'),
(10,'Caja'),
(11,'Kilo'),
(12,'Bombonera'),
(13,'Paquete');




INSERT INTO products (id,category_id,packaging_id,description,units,wholesale,retail,url) VALUES 
(1,22,13,'Bandeja F 75',100,912.0,125.0,'1-aluminio-bandejas-bandeja-f-75'),
(2,22,13,'Plato P 21',100,367.0,133.0,'2-aluminio-bandejas-plato-p-21'),
(3,22,13,'Bandeja F 50',100,768.0,105.0,'3-aluminio-bandejas-bandeja-f-50'),
(4,22,13,'Cenicero De Aluminio',100,161.0,35.0,'4-aluminio-bandejas-cenicero-de-aluminio'),
(5,22,13,'Tapa P/Flanera H 10',100,600.0,43.0,'5-aluminio-bandejas-tapa-p-flanera-h-10'),
(6,22,13,'Budineras 1 Kilo',100,448.0,243.0,'6-aluminio-bandejas-budineras-1-kilo'),
(7,22,13,'Budineras 1/2 Kilo',100,931.0,126.0,'7-aluminio-bandejas-budineras-1-2-kilo'),
(8,22,13,'Plato P 33',100,480.0,347.0,'8-aluminio-bandejas-plato-p-33'),
(9,22,13,'Plato P 29',100,371.0,268.0,'9-aluminio-bandejas-plato-p-29'),
(10,22,13,'Plato P 26',100,533.0,192.0,'10-aluminio-bandejas-plato-p-26'),
(11,22,13,'Plato P 23',100,472.0,170.0,'11-aluminio-bandejas-plato-p-23'),
(12,22,13,'Bandeja F 200',100,616.0,350.0,'12-aluminio-bandejas-bandeja-f-200'),
(13,22,13,'Tapa P/F 50',100,201.0,55.0,'13-aluminio-bandejas-tapa-p-f-50'),
(14,22,13,'Tapa P/F 75',100,250.0,65.0,'14-aluminio-bandejas-tapa-p-f-75'),
(15,22,13,'Tapa P/F 100',100,277.0,100.0,'15-aluminio-bandejas-tapa-p-f-100'),
(16,22,13,'Tapa P/F 200',100,219.0,160.0,'16-aluminio-bandejas-tapa-p-f-200'),
(17,22,13,'Plato P 14',100,893.0,120.0,'17-aluminio-bandejas-plato-p-14'),
(18,22,13,'Plato P 17',100,864.0,104.0,'18-aluminio-bandejas-plato-p-17'),
(19,22,13,'Plato P 20',100,669.0,120.0,'19-aluminio-bandejas-plato-p-20'),
(20,22,13,'Bandeja F 100',100,439.0,160.0,'20-aluminio-bandejas-bandeja-f-100'),
(21,10,1,'Bolsa X 1000 Grs',1,576.0,65.0,'21-bandas-elasticas-bolsa-x-1000-grs'),
(22,10,1,'Bolsa X 500 Grs',1,300.0,33.0,'22-bandas-elasticas-bolsa-x-500-grs'),
(23,10,1,'Bolsa X 100 Grs',1,80.0,10.0,'23-bandas-elasticas-bolsa-x-100-grs'),
(24,21,13,'Bandeja N 3',100,453.0,42.0,'24-bandejas-de-carton-blanca-bandeja-n-3'),
(25,21,13,'Bandeja N 5',100,469.0,58.0,'25-bandejas-de-carton-blanca-bandeja-n-5'),
(26,21,13,'Bandeja N 4',100,529.0,49.0,'26-bandejas-de-carton-blanca-bandeja-n-4'),
(27,21,13,'Bandeja N 2',100,378.0,28.0,'27-bandejas-de-carton-blanca-bandeja-n-2'),
(28,21,13,'Bandeja N 1',100,414.0,23.0,'28-bandejas-de-carton-blanca-bandeja-n-1'),
(29,21,13,'Bandeja N 8',100,314.0,87.0,'29-bandejas-de-carton-blanca-bandeja-n-8'),
(30,21,13,'Bandeja N 7',100,277.0,77.0,'30-bandejas-de-carton-blanca-bandeja-n-7'),
(31,21,13,'Bandeja N 6',100,223.0,62.0,'31-bandejas-de-carton-blanca-bandeja-n-6'),
(32,14,13,'Bandeja N 1',100,306.0,17.0,'32-bandejas-de-carton-gris-bandeja-n-1'),
(33,14,13,'Bandeja N 8',100,464.0,86.0,'33-bandejas-de-carton-gris-bandeja-n-8'),
(34,14,13,'Bandeja N 7',100,367.0,68.0,'34-bandejas-de-carton-gris-bandeja-n-7'),
(35,14,13,'Bandeja N 6',100,259.0,48.0,'35-bandejas-de-carton-gris-bandeja-n-6'),
(36,14,13,'Bandeja N 5',100,336.0,42.0,'36-bandejas-de-carton-gris-bandeja-n-5'),
(37,14,13,'Bandeja N 4',100,400.0,37.0,'37-bandejas-de-carton-gris-bandeja-n-4'),
(38,14,13,'Bandeja N 3',100,302.0,28.0,'38-bandejas-de-carton-gris-bandeja-n-3'),
(39,14,13,'Bandeja N 2',100,297.0,22.0,'39-bandejas-de-carton-gris-bandeja-n-2'),
(40,40,13,'Bandeja N 14',100,295.0,82.0,'40-bandejas-de-carton-redondas-bandeja-n-14'),
(41,40,13,'Bandeja N 16',100,353.0,98.0,'41-bandejas-de-carton-redondas-bandeja-n-16'),
(42,40,13,'Bandeja N 12',100,315.0,35.0,'42-bandejas-de-carton-redondas-bandeja-n-12'),
(43,40,13,'Bandeja N 12,5',100,378.0,42.0,'43-bandejas-de-carton-redondas-bandeja-n-12-5'),
(44,40,13,'Bandeja N 13',100,360.0,50.0,'44-bandejas-de-carton-redondas-bandeja-n-13'),
(45,40,13,'Bandeja N 13,5',100,313.0,58.0,'45-bandejas-de-carton-redondas-bandeja-n-13-5'),
(46,40,13,'Bandeja N 15',100,342.0,95.0,'46-bandejas-de-carton-redondas-bandeja-n-15'),
(47,59,13,'Bandeja N 619',100,211.0,58.0,'47-bandejas-de-expandido-bandeja-n-619'),
(48,59,13,'Bandeja N 628( Redonda)',100,212.0,115.0,'48-bandejas-de-expandido-bandeja-n-628-redonda'),
(49,59,13,'Bandeja N 625',100,192.0,105.0,'49-bandejas-de-expandido-bandeja-n-625'),
(50,59,13,'Bandeja N 615',100,211.0,58.0,'50-bandejas-de-expandido-bandeja-n-615'),
(51,59,13,'Bandeja N 621',100,132.0,37.0,'51-bandejas-de-expandido-bandeja-n-621'),
(52,59,13,'Bandeja N 617',100,110.0,30.0,'52-bandejas-de-expandido-bandeja-n-617'),
(53,59,13,'Bandeja N 618',100,160.0,43.0,'53-bandejas-de-expandido-bandeja-n-618'),
(54,59,13,'Oblea N 618',100,237.0,43.0,'54-bandejas-de-expandido-oblea-n-618'),
(55,59,13,'Oblea N 619',100,211.0,58.0,'55-bandejas-de-expandido-oblea-n-619'),
(56,60,13,'Bandeja 107 Comun',100,468.0,145.0,'56-bandejas-plasticas-comunes-bandeja-107-comun'),
(57,60,13,'Bandeja 103 Comun',100,360.0,55.0,'57-bandejas-plasticas-comunes-bandeja-103-comun'),
(58,60,13,'Bandeja 102 Comun',100,252.0,39.0,'58-bandejas-plasticas-comunes-bandeja-102-comun'),
(59,60,13,'Bandeja 101 Comun',100,180.0,28.0,'59-bandejas-plasticas-comunes-bandeja-101-comun'),
(60,60,13,'Bandeja 105 Comun',100,270.0,82.0,'60-bandejas-plasticas-comunes-bandeja-105-comun'),
(61,56,13,'Bandeja 101 Micro',100,252.0,39.0,'61-bandejas-plasticas-p-microondas-bandeja-101-micro'),
(62,56,13,'Bandeja 102 Micro',100,396.0,60.0,'62-bandejas-plasticas-p-microondas-bandeja-102-micro'),
(63,56,13,'Bandeja 107 Micro',100,417.0,175.0,'63-bandejas-plasticas-p-microondas-bandeja-107-micro'),
(64,56,13,'Bandeja 105 Micro',100,396.0,120.0,'64-bandejas-plasticas-p-microondas-bandeja-105-micro'),
(65,56,13,'Bandeja 103 Micro',100,576.0,88.0,'65-bandejas-plasticas-p-microondas-bandeja-103-micro'),
(66,50,13,'Diametro 21 Cms',100,30.0,33.0,'66-blondas-de-papel-caladas-diametro-21-cms'),
(67,50,13,'Rectangulares 35 X 45 Cms',100,82.0,93.0,'67-blondas-de-papel-caladas-rectangulares-35-x-45-cms'),
(68,50,13,'Rectangulares 31 X 38 Cms',100,59.0,65.0,'68-blondas-de-papel-caladas-rectangulares-31-x-38-cms'),
(69,50,13,'Rectangulares 26 X 32 Cms',100,36.0,40.0,'69-blondas-de-papel-caladas-rectangulares-26-x-32-cms'),
(70,50,13,'Rectangulares 21 X 27 Cms',100,31.0,34.0,'70-blondas-de-papel-caladas-rectangulares-21-x-27-cms'),
(71,50,13,'Rectangulares 18 X 25 Cms',100,27.0,30.0,'71-blondas-de-papel-caladas-rectangulares-18-x-25-cms'),
(72,50,13,'Diametro 38 Cms',100,51.0,57.0,'72-blondas-de-papel-caladas-diametro-38-cms'),
(73,50,13,'Diametro 25 Cms',100,32.0,35.0,'73-blondas-de-papel-caladas-diametro-25-cms'),
(74,50,13,'Diametro 28 Cms',100,35.0,39.0,'74-blondas-de-papel-caladas-diametro-28-cms'),
(75,50,13,'Diametro 32 Cms',100,41.0,46.0,'75-blondas-de-papel-caladas-diametro-32-cms'),
(76,50,13,'Diametro 30 Cms',100,37.0,41.0,'76-blondas-de-papel-caladas-diametro-30-cms'),
(77,50,13,'Diametro 9 Cms',100,6.0,7.0,'77-blondas-de-papel-caladas-diametro-9-cms'),
(78,50,13,'Diametro 12 Cms',100,11.0,12.0,'78-blondas-de-papel-caladas-diametro-12-cms'),
(79,50,13,'Diametro 15 Cms',100,14.0,16.0,'79-blondas-de-papel-caladas-diametro-15-cms'),
(80,50,13,'Diametro 18 Cms',100,18.0,20.0,'80-blondas-de-papel-caladas-diametro-18-cms'),
(81,62,8,'40x50x1500grs',1,298.0,54.0,'81-bobinas-de-arranque-40x50x1500grs'),
(82,62,8,'20x30x1500grs',1,298.0,54.0,'82-bobinas-de-arranque-20x30x1500grs'),
(83,62,8,'25x35x1500grs',1,298.0,54.0,'83-bobinas-de-arranque-25x35x1500grs'),
(84,62,8,'30x40x1500grs',1,298.0,54.0,'84-bobinas-de-arranque-30x40x1500grs'),
(85,62,8,'50x70x1500grs',1,298.0,54.0,'85-bobinas-de-arranque-50x70x1500grs'),
(86,62,8,'45x60x1500grs',1,298.0,54.0,'86-bobinas-de-arranque-45x60x1500grs'),
(87,62,8,'35x45x1500grs',1,298.0,54.0,'87-bobinas-de-arranque-35x45x1500grs'),
(88,4,8,'20x30x500 Bolsas',1,345.0,32.0,'88-bobinas-de-arranque-rendidora-20x30x500-bolsas'),
(89,4,8,'15x20x500 Bolsas',1,216.0,20.0,'89-bobinas-de-arranque-rendidora-15x20x500-bolsas'),
(90,4,8,'15x25x500 Bolsas',1,239.0,22.0,'90-bobinas-de-arranque-rendidora-15x25x500-bolsas'),
(91,4,8,'40x50x250 Bolsas',1,243.0,45.0,'91-bobinas-de-arranque-rendidora-40x50x250-bolsas'),
(92,4,8,'35x45x250 Bolsas',1,216.0,40.0,'92-bobinas-de-arranque-rendidora-35x45x250-bolsas'),
(93,4,8,'30x40x500 Bolsas',1,281.0,52.0,'93-bobinas-de-arranque-rendidora-30x40x500-bolsas'),
(94,4,8,'25x35x500 Bolsas',1,324.0,40.0,'94-bobinas-de-arranque-rendidora-25x35x500-bolsas'),
(95,45,13,'40x50 (Color) Tiburon',100,180.0,10.0,'95-bolsas-camisetas-economicas-40x50-color-tiburon'),
(96,45,13,'20x30 Blanca',100,250.0,7.0,'96-bolsas-camisetas-economicas-20x30-blanca'),
(97,45,13,'60x80 Blanca',100,203.0,45.0,'97-bolsas-camisetas-economicas-60x80-blanca'),
(98,45,13,'30x40 (Color) Tiburon',100,105.0,8.0,'98-bolsas-camisetas-economicas-30x40-color-tiburon'),
(99,45,13,'50x70 (Color)',100,351.0,26.0,'99-bolsas-camisetas-economicas-50x70-color'),
(100,45,13,'40x50 (Color) Reforzada',100,200.0,11.0,'100-bolsas-camisetas-economicas-40x50-color-reforzada'),
(101,45,13,'45x60 (Color)',100,342.0,19.0,'101-bolsas-camisetas-economicas-45x60-color'),
(102,45,13,'50x60 (Color)',100,432.0,24.0,'102-bolsas-camisetas-economicas-50x60-color'),
(103,45,13,'30x40 Blanca',100,144.0,8.0,'103-bolsas-camisetas-economicas-30x40-blanca'),
(104,29,13,'60x80 (Reforzada) Blanca',100,495.0,55.0,'104-bolsas-camisetas-reforzadas-60x80-reforzada-blanca'),
(105,29,13,'45x60 (Reforzada) Blanca',100,324.0,24.0,'105-bolsas-camisetas-reforzadas-45x60-reforzada-blanca'),
(106,29,13,'50x70 (Reforzada) Blanca',100,405.0,30.0,'106-bolsas-camisetas-reforzadas-50x70-reforzada-blanca'),
(107,29,13,'20x30 (Reforzada) Blanca',100,350.0,8.0,'107-bolsas-camisetas-reforzadas-20x30-reforzada-blanca'),
(108,29,13,'30x40 (Reforzada) Blanca',100,165.0,10.0,'108-bolsas-camisetas-reforzadas-30x40-reforzada-blanca'),
(109,29,13,'40x50 (Reforzada) Blanca',100,265.0,15.0,'109-bolsas-camisetas-reforzadas-40x50-reforzada-blanca'),
(110,29,13,'50x60 (Reforzada) Blanca',100,516.0,28.0,'110-bolsas-camisetas-reforzadas-50x60-reforzada-blanca'),
(111,41,13,'80x110cms X 10',10,216.0,12.0,'111-bolsas-de-consorcio-80x110cms-x-10'),
(112,41,13,'60x90 Cms X 50 Reforzada',50,650.0,70.0,'112-bolsas-de-consorcio-60x90-cms-x-50-reforzada'),
(113,41,13,'80x110cms X 50 Reforzada',50,960.0,140.0,'113-bolsas-de-consorcio-80x110cms-x-50-reforzada'),
(114,41,13,'60x90 Cms X 10',10,240.0,8.0,'114-bolsas-de-consorcio-60x90-cms-x-10'),
(115,41,13,'90x120cms X 10',10,336.0,18.0,'115-bolsas-de-consorcio-90x120cms-x-10'),
(116,26,13,'40 X 50 Cms B/RiOn',50,60.0,67.0,'116-bolsas-de-fantasia-rinon-40-x-50-cms-b-rion'),
(117,26,13,'17 X 25 Cms B/RiOn',100,36.0,40.0,'117-bolsas-de-fantasia-rinon-17-x-25-cms-b-rion'),
(118,26,13,'50 X 60 Cms B/RiOn',50,99.0,110.0,'118-bolsas-de-fantasia-rinon-50-x-60-cms-b-rion'),
(119,26,13,'35 X 45 Cms B/RiOn',50,51.0,54.0,'119-bolsas-de-fantasia-rinon-35-x-45-cms-b-rion'),
(120,26,13,'30 X 40 Cms B/RiOn',50,36.0,39.0,'120-bolsas-de-fantasia-rinon-30-x-40-cms-b-rion'),
(121,26,13,'25 X 35 Cms B/RiOn',50,27.0,30.0,'121-bolsas-de-fantasia-rinon-25-x-35-cms-b-rion'),
(122,26,13,'20 X 30 Cms B/RiOn',50,22.0,25.0,'122-bolsas-de-fantasia-rinon-20-x-30-cms-b-rion'),
(123,35,13,'Bolsa N 6l',100,450.0,25.0,'123-bolsas-de-papel-sulfito-kraft-bolsa-n-6l'),
(124,35,13,'Bolsa N 1',100,198.0,11.0,'124-bolsas-de-papel-sulfito-kraft-bolsa-n-1'),
(125,35,13,'Bolsa N 1l',100,216.0,12.0,'125-bolsas-de-papel-sulfito-kraft-bolsa-n-1l'),
(126,35,13,'Bolsa N 2',100,234.0,13.0,'126-bolsas-de-papel-sulfito-kraft-bolsa-n-2'),
(127,35,13,'Bolsa N 2l',100,252.0,14.0,'127-bolsas-de-papel-sulfito-kraft-bolsa-n-2l'),
(128,35,13,'Bolsa N 3',100,252.0,14.0,'128-bolsas-de-papel-sulfito-kraft-bolsa-n-3'),
(129,35,13,'Bolsa N 3l',100,270.0,15.0,'129-bolsas-de-papel-sulfito-kraft-bolsa-n-3l'),
(130,35,13,'Bolsa N 4',100,306.0,17.0,'130-bolsas-de-papel-sulfito-kraft-bolsa-n-4'),
(131,35,13,'Bolsa N 4a',100,324.0,18.0,'131-bolsas-de-papel-sulfito-kraft-bolsa-n-4a'),
(132,35,13,'Bolsa N 5',100,378.0,21.0,'132-bolsas-de-papel-sulfito-kraft-bolsa-n-5'),
(133,35,13,'Bolsa N 8',100,324.0,36.0,'133-bolsas-de-papel-sulfito-kraft-bolsa-n-8'),
(134,35,13,'Bolsa N 7',100,270.0,30.0,'134-bolsas-de-papel-sulfito-kraft-bolsa-n-7'),
(135,35,13,'Bolsa N 6',100,414.0,23.0,'135-bolsas-de-papel-sulfito-kraft-bolsa-n-6'),
(136,44,13,'Bolsa Pp 15 X 20 Cms.',100,90.0,10.0,'136-bolsas-de-polipropileno-bolsa-pp-15-x-20-cms'),
(137,44,13,'Bolsa Pp 12 X 35 Cms.',100,117.0,13.0,'137-bolsas-de-polipropileno-bolsa-pp-12-x-35-cms'),
(138,44,13,'Bolsa Pp 12 X 30 Cms.',100,100.0,11.0,'138-bolsas-de-polipropileno-bolsa-pp-12-x-30-cms'),
(139,44,13,'Bolsa Pp 10 X 30 Cms.',100,90.0,10.0,'139-bolsas-de-polipropileno-bolsa-pp-10-x-30-cms'),
(140,44,13,'Bolsa Pp 20 X 40 Cms.',100,216.0,24.0,'140-bolsas-de-polipropileno-bolsa-pp-20-x-40-cms'),
(141,44,13,'Bolsa Pp 20 X 35 Cms.',100,191.0,21.0,'141-bolsas-de-polipropileno-bolsa-pp-20-x-35-cms'),
(142,44,13,'Bolsa Pp 20 X 30 Cms.',100,134.0,16.0,'142-bolsas-de-polipropileno-bolsa-pp-20-x-30-cms'),
(143,44,13,'Bolsa Pp 20 X 25 Cms.',100,135.0,15.0,'143-bolsas-de-polipropileno-bolsa-pp-20-x-25-cms'),
(144,44,13,'Bolsa Pp 20 X 20 Cms.',100,113.0,12.5,'144-bolsas-de-polipropileno-bolsa-pp-20-x-20-cms'),
(145,44,13,'Bolsa Pp 17 X 25 Cms.',100,126.0,14.0,'145-bolsas-de-polipropileno-bolsa-pp-17-x-25-cms'),
(146,44,13,'Bolsa Pp 15 X 45 Cms.',100,191.0,21.0,'146-bolsas-de-polipropileno-bolsa-pp-15-x-45-cms'),
(147,44,13,'Bolsa Pp 15 X 40 Cms.',100,162.0,18.0,'147-bolsas-de-polipropileno-bolsa-pp-15-x-40-cms'),
(148,44,13,'Bolsa Pp 15 X 35 Cms.',100,153.0,17.0,'148-bolsas-de-polipropileno-bolsa-pp-15-x-35-cms'),
(149,44,13,'Bolsa Pp 15 X 30 Cms.',100,117.0,13.0,'149-bolsas-de-polipropileno-bolsa-pp-15-x-30-cms'),
(150,44,13,'Bolsa Pp 15 X 25 Cms.',100,104.0,11.5,'150-bolsas-de-polipropileno-bolsa-pp-15-x-25-cms'),
(151,44,13,'Bolsa Pp 12 X 25 Cms.',100,90.0,10.0,'151-bolsas-de-polipropileno-bolsa-pp-12-x-25-cms'),
(152,44,13,'Bolsa Pp 12 X 20 Cms.',100,77.0,8.5,'152-bolsas-de-polipropileno-bolsa-pp-12-x-20-cms'),
(153,44,13,'Bolsa Pp 12 X 15 Cms.',100,63.0,7.0,'153-bolsas-de-polipropileno-bolsa-pp-12-x-15-cms'),
(154,44,13,'Bolsa Pp 10 X 25 Cms.',100,77.0,8.5,'154-bolsas-de-polipropileno-bolsa-pp-10-x-25-cms'),
(155,44,13,'Bolsa Pp 10 X 20 Cms.',100,63.0,7.0,'155-bolsas-de-polipropileno-bolsa-pp-10-x-20-cms'),
(156,44,13,'Bolsa Pp 10 X 15 Cms.',100,55.0,6.0,'156-bolsas-de-polipropileno-bolsa-pp-10-x-15-cms'),
(157,44,13,'Bolsa Pp 8 X 30 Cms.',100,81.0,9.0,'157-bolsas-de-polipropileno-bolsa-pp-8-x-30-cms'),
(158,44,13,'Bolsa Pp 8 X 25 Cms.',100,67.0,7.5,'158-bolsas-de-polipropileno-bolsa-pp-8-x-25-cms'),
(159,44,13,'Bolsa Pp 8 X 20 Cms.',100,63.0,7.0,'159-bolsas-de-polipropileno-bolsa-pp-8-x-20-cms'),
(160,44,13,'Bolsa Pp 8 X 15 Cms.',100,50.0,5.5,'160-bolsas-de-polipropileno-bolsa-pp-8-x-15-cms'),
(161,44,13,'Bolsa Pp 8 X 12 Cms.',100,45.0,5.0,'161-bolsas-de-polipropileno-bolsa-pp-8-x-12-cms'),
(162,44,13,'Bolsa Pp 8 X 10 Cms.',100,45.0,5.0,'162-bolsas-de-polipropileno-bolsa-pp-8-x-10-cms'),
(163,44,13,'Bolsa Pp 6 X 30 Cms.',100,63.0,7.0,'163-bolsas-de-polipropileno-bolsa-pp-6-x-30-cms'),
(164,44,13,'Bolsa Pp 6 X 25 Cms.',100,55.0,6.0,'164-bolsas-de-polipropileno-bolsa-pp-6-x-25-cms'),
(165,44,13,'Bolsa Pp 6 X 20 Cms.',100,50.0,5.5,'165-bolsas-de-polipropileno-bolsa-pp-6-x-20-cms'),
(166,44,13,'Bolsa Pp 6 X 15 Cms.',100,45.0,5.0,'166-bolsas-de-polipropileno-bolsa-pp-6-x-15-cms'),
(167,44,13,'Bolsa Pp 5 X 30 Cms.',100,55.0,6.0,'167-bolsas-de-polipropileno-bolsa-pp-5-x-30-cms'),
(168,44,13,'Bolsa Pp 5 X 25 Cms.',100,50.0,5.5,'168-bolsas-de-polipropileno-bolsa-pp-5-x-25-cms'),
(169,44,13,'Bolsa Pp 5 X 20 Cms.',100,45.0,5.0,'169-bolsas-de-polipropileno-bolsa-pp-5-x-20-cms'),
(170,44,13,'Bolsa Pp 50 X 70 Cms.',100,990.0,145.0,'170-bolsas-de-polipropileno-bolsa-pp-50-x-70-cms'),
(171,44,13,'Bolsa Pp 50 X 60 Cms.',100,743.0,86.0,'171-bolsas-de-polipropileno-bolsa-pp-50-x-60-cms'),
(172,44,13,'Bolsa Pp 45 X 60 Cms.',100,762.0,82.0,'172-bolsas-de-polipropileno-bolsa-pp-45-x-60-cms'),
(173,44,13,'Bolsa Pp 40 X 60 Cms.',100,648.0,72.0,'173-bolsas-de-polipropileno-bolsa-pp-40-x-60-cms'),
(174,44,13,'Bolsa Pp 40 X 50 Cms.',100,477.0,53.0,'174-bolsas-de-polipropileno-bolsa-pp-40-x-50-cms'),
(175,44,13,'Bolsa Pp 35 X 50 Cms.',100,387.0,43.0,'175-bolsas-de-polipropileno-bolsa-pp-35-x-50-cms'),
(176,44,13,'Bolsa Pp 35 X 45 Cms.',100,350.0,39.0,'176-bolsas-de-polipropileno-bolsa-pp-35-x-45-cms'),
(177,44,13,'Bolsa Pp 35 X 40 Cms.',100,340.0,38.0,'177-bolsas-de-polipropileno-bolsa-pp-35-x-40-cms'),
(178,44,13,'Bolsa Pp 30 X 45 Cms.',100,350.0,39.0,'178-bolsas-de-polipropileno-bolsa-pp-30-x-45-cms'),
(179,44,13,'Bolsa Pp 30 X 40 Cms.',100,270.0,31.0,'179-bolsas-de-polipropileno-bolsa-pp-30-x-40-cms'),
(180,44,13,'Bolsa Pp 30 X 35 Cms.',100,270.0,31.0,'180-bolsas-de-polipropileno-bolsa-pp-30-x-35-cms'),
(181,44,13,'Bolsa Pp 25 X 40 Cms.',100,260.0,29.0,'181-bolsas-de-polipropileno-bolsa-pp-25-x-40-cms'),
(182,44,13,'Bolsa Pp 25 X 35 Cms.',100,216.0,24.0,'182-bolsas-de-polipropileno-bolsa-pp-25-x-35-cms'),
(183,44,13,'Bolsa Pp 25 X 30 Cms.',100,191.0,21.0,'183-bolsas-de-polipropileno-bolsa-pp-25-x-30-cms'),
(184,44,13,'Bolsa Pp 22 X 40 Cms.',100,225.0,25.0,'184-bolsas-de-polipropileno-bolsa-pp-22-x-40-cms'),
(185,44,13,'Bolsa Pp 22 X 35 Cms.',100,198.0,22.0,'185-bolsas-de-polipropileno-bolsa-pp-22-x-35-cms'),
(186,44,13,'Bolsa Pp 22 X 30 Cms.',100,171.0,19.0,'186-bolsas-de-polipropileno-bolsa-pp-22-x-30-cms'),
(187,7,13,'50x70 X 10',10,320.0,5.0,'187-bolsas-de-residuos-50x70-x-10'),
(188,7,8,'45x60 X160 Aprox / Reforzada (Rollo)',1,120.0,125.0,'188-bolsas-de-residuos-45x60-x160-aprox-reforzada-rollo'),
(189,7,8,'50x70 X170 Aprox/ Reforzada (Rollo)',1,120.0,125.0,'189-bolsas-de-residuos-50x70-x170-aprox-reforzada-rollo'),
(190,7,13,'45x60 X 10',10,260.0,3.0,'190-bolsas-de-residuos-45x60-x-10'),
(191,8,13,'Freez-Orm 45x30x10',10,312.0,15.0,'191-bolsas-para-horno-freez-orm-45x30x10'),
(192,61,12,'Bombonera 1/4 Kg',1,225.0,5.0,'192-bombonera-de-carton-bombonera-1-4-kg'),
(193,61,12,'Bombonera 1 Kg',1,126.0,7.0,'193-bombonera-de-carton-bombonera-1-kg'),
(194,61,12,'Bombonera 1/2 Kg',1,216.0,6.0,'194-bombonera-de-carton-bombonera-1-2-kg'),
(195,55,10,'P/ Armar 35 X 25 X 25',1,157.0,7.0,'195-cajas-de-carton-corrugado-p-armar-35-x-25-x-25'),
(196,55,10,'P/ Armar NavideAs',1,225.0,10.0,'196-cajas-de-carton-corrugado-p-armar-navideas'),
(197,55,10,'P/ Armar 20 X 20 X 20',1,113.0,5.0,'197-cajas-de-carton-corrugado-p-armar-20-x-20-x-20'),
(198,55,10,'P/ Armar 60 X 40 X 40',1,288.0,16.0,'198-cajas-de-carton-corrugado-p-armar-60-x-40-x-40'),
(199,55,10,'P/ Armar 40 X 30 X 30',1,202.0,9.0,'199-cajas-de-carton-corrugado-p-armar-40-x-30-x-30'),
(200,55,10,'P/ Armar 50 X 40 X 30',1,270.0,12.0,'200-cajas-de-carton-corrugado-p-armar-50-x-40-x-30'),
(201,55,10,'P/ Armar 30 X 20 X 20',1,135.0,6.0,'201-cajas-de-carton-corrugado-p-armar-30-x-20-x-20'),
(202,18,13,'Micro M/M Gr Estandar (1 Color)',100,220.0,230.0,'202-cajas-de-pizza-y-emp-estandar-micro-m-m-gr-estandar-1-color'),
(203,18,13,'Micro M/M Emp X 18 Est (1 Color)',100,220.0,230.0,'203-cajas-de-pizza-y-emp-estandar-micro-m-m-emp-x-18-est-1-color'),
(204,18,13,'Micro M/M Emp X 12 Est (1 Color)',100,220.0,230.0,'204-cajas-de-pizza-y-emp-estandar-micro-m-m-emp-x-12-est-1-color'),
(205,18,13,'Micro M/M Ch Estandar (1 Color)',100,210.0,220.0,'205-cajas-de-pizza-y-emp-estandar-micro-m-m-ch-estandar-1-color'),
(206,58,13,'Micro B/M Grande (Lisa)',100,325.0,335.0,'206-cajas-de-pizzas-y-empanadas-b-m-micro-b-m-grande-lisa'),
(207,58,13,'Micro B/M Emp X 18 (Lisa)',100,320.0,330.0,'207-cajas-de-pizzas-y-empanadas-b-m-micro-b-m-emp-x-18-lisa'),
(208,58,13,'Micro B/M Emp X 12 (Lisa)',100,320.0,330.0,'208-cajas-de-pizzas-y-empanadas-b-m-micro-b-m-emp-x-12-lisa'),
(209,58,13,'Micro B/M Chica (Lisa)',100,320.0,330.0,'209-cajas-de-pizzas-y-empanadas-b-m-micro-b-m-chica-lisa'),
(210,46,13,'Micro M/M Grande (Lisas)',100,200.0,210.0,'210-cajas-de-pizzas-y-empanadas-m-m-micro-m-m-grande-lisas'),
(211,46,13,'Micro M/M Emp X 18 (Lisas)',100,200.0,210.0,'211-cajas-de-pizzas-y-empanadas-m-m-micro-m-m-emp-x-18-lisas'),
(212,46,13,'Micro M/M Emp X 12 (Lisas)',100,200.0,210.0,'212-cajas-de-pizzas-y-empanadas-m-m-micro-m-m-emp-x-12-lisas'),
(213,46,13,'Micro M/M Chica (Lisas)',100,195.0,205.0,'213-cajas-de-pizzas-y-empanadas-m-m-micro-m-m-chica-lisas'),
(214,46,13,'Micro M/M Grande (Lisas)Economica',100,180.0,190.0,'214-cajas-de-pizzas-y-empanadas-m-m-micro-m-m-grande-lisas-economica'),
(215,64,13,'Gris Grande Comun N50',100,95.0,105.0,'215-cajas-de-pizzas-y-ravioles-gris-grande-comun-n50'),
(216,64,13,'Cajas Para Ravioles Comun',100,100.0,110.0,'216-cajas-de-pizzas-y-ravioles-cajas-para-ravioles-comun'),
(217,64,13,'Gris Grande Super N40',100,110.0,122.0,'217-cajas-de-pizzas-y-ravioles-gris-grande-super-n40'),
(218,64,13,'Gris Grande Reforzada N45',100,105.0,115.0,'218-cajas-de-pizzas-y-ravioles-gris-grande-reforzada-n45'),
(219,64,13,'Cajas Para Ravioles Reforzada',100,120.0,130.0,'219-cajas-de-pizzas-y-ravioles-cajas-para-ravioles-reforzada'),
(220,11,13,'Estallidos 27 X 36',20,81.0,90.0,'220-carteles-estallidos-estallidos-27-x-36'),
(221,11,13,'Estallidos 7 X 9',20,6.0,7.0,'221-carteles-estallidos-estallidos-7-x-9'),
(222,11,13,'Estallidos 4,5x6',20,4.0,5.0,'222-carteles-estallidos-estallidos-4-5x6'),
(223,11,13,'Estallidos 3 X 4',20,4.0,5.0,'223-carteles-estallidos-estallidos-3-x-4'),
(224,11,7,'Fajas Aut.Varios Motivos Chicos',1,7.0,8.0,'224-carteles-estallidos-fajas-aut-varios-motivos-chicos'),
(225,11,7,'Fajas Aut.Varios Motivos Grandes',1,14.0,16.0,'225-carteles-estallidos-fajas-aut-varios-motivos-grandes'),
(226,11,13,'Estallidos 13 X 18',20,16.0,18.0,'226-carteles-estallidos-estallidos-13-x-18'),
(227,11,13,'Estallidos 15 X 20',20,18.0,20.0,'227-carteles-estallidos-estallidos-15-x-20'),
(228,11,13,'Estallidos 10 X 12',20,13.0,15.0,'228-carteles-estallidos-estallidos-10-x-12'),
(229,11,13,'Estallidos 9 X 11,5',20,11.0,12.0,'229-carteles-estallidos-estallidos-9-x-11-5'),
(230,11,13,'Estallidos 7 X 9,5',20,6.0,7.0,'230-carteles-estallidos-estallidos-7-x-9-5'),
(231,15,8,'Rollo 100 Cms X 25/30 Metros',1,56.0,62.0,'231-carton-corrugado-rollo-100-cms-x-25-30-metros'),
(232,15,8,'Rollo 90 Cms X 25/30 Metros',1,51.0,56.0,'232-carton-corrugado-rollo-90-cms-x-25-30-metros'),
(233,15,8,'Rollo 120 Cms X 25/30 Metros',1,61.0,68.0,'233-carton-corrugado-rollo-120-cms-x-25-30-metros'),
(234,15,8,'Rollo 140 Cms X 25/30 Metros',1,66.0,74.0,'234-carton-corrugado-rollo-140-cms-x-25-30-metros'),
(235,15,8,'Rollo 80 Cms X 25/30 Metros',1,44.0,49.0,'235-carton-corrugado-rollo-80-cms-x-25-30-metros'),
(236,30,2,'24 X 50 Cm (Rapifix)',1,648.0,20.0,'236-cinta-de-papel-24-x-50-cm-rapifix'),
(237,30,2,'36 X 50 Cm (Rapifix)',1,626.0,29.0,'237-cinta-de-papel-36-x-50-cm-rapifix'),
(238,30,2,'48 X 50 Cm (Rapifix)',1,665.0,37.0,'238-cinta-de-papel-48-x-50-cm-rapifix'),
(239,30,2,'12 X 50 Cm (Rapifix)',1,792.0,10.0,'239-cinta-de-papel-12-x-50-cm-rapifix'),
(240,30,2,'18 X 50 Cm (Rapifix)',1,648.0,15.0,'240-cinta-de-papel-18-x-50-cm-rapifix'),
(241,33,2,'48 X 50 Transparente',1,324.0,10.0,'241-cintas-adhesivas-48-x-50-transparente'),
(242,33,2,'48 X 50 Marron',1,324.0,10.0,'242-cintas-adhesivas-48-x-50-marron'),
(243,33,2,'12 X 30 Transparente',1,907.0,3.5,'243-cintas-adhesivas-12-x-30-transparente'),
(244,33,2,'24 X 50 Transparente',1,453.0,7.0,'244-cintas-adhesivas-24-x-50-transparente'),
(245,36,11,'Cucharas P/Helado Pala Virgen',1,440.0,50.0,'245-cubiertos-plasticos-cucharas-p-helado-pala-virgen'),
(246,36,10,'Cucharas Sopera Virgen',1000,175.0,195.0,'246-cubiertos-plasticos-cucharas-sopera-virgen'),
(247,36,10,'Cucharas Sundae Comun',1000,100.0,110.0,'247-cubiertos-plasticos-cucharas-sundae-comun'),
(248,36,1,'Pinches P/Copetin (Espaditas)',1000,202.0,45.0,'248-cubiertos-plasticos-pinches-p-copetin-espaditas'),
(249,36,1,'Agitadores P/Trago Largo Cristal',100,225.0,25.0,'249-cubiertos-plasticos-agitadores-p-trago-largo-cristal'),
(250,36,1,'Agitadores P/Caf Cristal',1000,320.0,35.0,'250-cubiertos-plasticos-agitadores-p-caf-cristal'),
(251,36,11,'Cucharas P/Helado Pala Comun',1,320.0,35.0,'251-cubiertos-plasticos-cucharas-p-helado-pala-comun'),
(252,36,10,'Cucharas Sundae Virgen',1000,120.0,130.0,'252-cubiertos-plasticos-cucharas-sundae-virgen'),
(253,36,10,'Tenedores Plasticos Virgen',1000,172.0,190.0,'253-cubiertos-plasticos-tenedores-plasticos-virgen'),
(254,36,10,'Cuchillos Plasticos Virgen',1000,172.0,190.0,'254-cubiertos-plasticos-cuchillos-plasticos-virgen'),
(255,33,2,'48 X 100 Marron',1,0.0,16.0,'255-cintas-adhesivas-48-x-100-marron'),
(256,2,10,'Tapas P/Ensaladeras (650cc)',100,138.0,154.0,'256-ensaladeras-plasticas-tapas-p-ensaladeras-650cc'),
(257,2,10,'Ensaladera P/ Grande (850cc)C/Tapa',100,298.0,332.0,'257-ensaladeras-plasticas-ensaladera-p-grande-850cc-c-tapa'),
(258,2,10,'Ensaladera P/ Mediana (650cc)',100,145.0,162.0,'258-ensaladeras-plasticas-ensaladera-p-mediana-650cc'),
(259,20,10,'Motex Blanco',1,4.0,5.0,'259-etiquetas-motex-motex-blanco'),
(260,20,10,'Motex (Amarillo,Verde,Naranja)',1,5.0,6.5,'260-etiquetas-motex-motex-amarillo-verde-naranja'),
(261,38,8,'Rollo 10 Cms. (Virgen)',1,13.0,15.0,'261-film-strech-rollo-10-cms-virgen'),
(262,38,8,'Rollo 50 Cms. S/Mango',1,26.0,28.5,'262-film-strech-rollo-50-cms-s-mango'),
(263,38,8,'Rollo 50 Cms. C/Mango',1,26.0,28.5,'263-film-strech-rollo-50-cms-c-mango'),
(264,66,13,'50 X 80 Cms',100,157.0,175.0,'264-fundas-para-ropa-de-pp-50-x-80-cms'),
(265,66,13,'45 X 70 Cms',100,135.0,150.0,'265-fundas-para-ropa-de-pp-45-x-70-cms'),
(266,66,13,'60 X 90 Cms',100,225.0,248.0,'266-fundas-para-ropa-de-pp-60-x-90-cms'),
(267,53,10,'Guantes De Latex (S),(M),(L)',100,75.0,80.0,'267-guantes-descartables-guantes-de-latex-s-m-l'),
(268,53,13,'Guantes Plasticos X100',100,940.0,15.0,'268-guantes-descartables-guantes-plasticos-x100'),
(269,31,13,'Hilo De Formio (Sisal) X 30 Mts',10,800.0,89.0,'269-hilos-y-cintas-hilo-de-formio-sisal-x-30-mts'),
(270,31,13,'Hilo Choricero En Ovillo X 50 Grs',10,65.0,8.0,'270-hilos-y-cintas-hilo-choricero-en-ovillo-x-50-grs'),
(271,31,13,'Hilo Choricero En Bobina X Kilo',1,190.0,21.0,'271-hilos-y-cintas-hilo-choricero-en-bobina-x-kilo'),
(272,31,13,'Hilo AlgodN En Ovillos X 50 Grs',10,35.0,4.0,'272-hilos-y-cintas-hilo-algodn-en-ovillos-x-50-grs'),
(273,31,9,'Hilo AlgodN En Bobina 3 Herbas',1,135.0,15.0,'273-hilos-y-cintas-hilo-algodn-en-bobina-3-herbas'),
(274,31,13,'Hilo Cinta X 1.500gr/Aprox',1,214.0,39.0,'274-hilos-y-cintas-hilo-cinta-x-1-500gr-aprox'),
(275,31,13,'Hilo Recuperado 400 Grs',1,255.0,19.0,'275-hilos-y-cintas-hilo-recuperado-400-grs'),
(276,19,11,'20x25 Cms',1,365.0,42.0,'276-laminas-para-fiambres-20x25-cms'),
(277,19,11,'25x37 Cms',1,365.0,42.0,'277-laminas-para-fiambres-25x37-cms'),
(278,19,11,'37x50 Cms',1,365.0,42.0,'278-laminas-para-fiambres-37x50-cms'),
(279,19,11,'13x26 Cms P/Hamburguesa (Doble)',1,384.0,42.0,'279-laminas-para-fiambres-13x26-cms-p-hamburguesa-doble'),
(280,19,11,'20x25 Cms Comun',1,336.0,40.0,'280-laminas-para-fiambres-20x25-cms-comun'),
(281,12,13,'P/Budin Con Aleta X 40',100,837.0,93.0,'281-moldes-de-papel-p-pan-dulce-p-budin-con-aleta-x-40'),
(282,12,13,'P/Pan Dulce X 100 Grs',100,495.0,55.0,'282-moldes-de-papel-p-pan-dulce-p-pan-dulce-x-100-grs'),
(283,12,13,'P/Pan Dulce X 250 Grs',100,558.0,62.0,'283-moldes-de-papel-p-pan-dulce-p-pan-dulce-x-250-grs'),
(284,12,13,'P/Pan Dulce X 500 Grs',100,675.0,75.0,'284-moldes-de-papel-p-pan-dulce-p-pan-dulce-x-500-grs'),
(285,12,13,'P/Pan Dulce X 700 Grs',100,765.0,85.0,'285-moldes-de-papel-p-pan-dulce-p-pan-dulce-x-700-grs'),
(286,12,13,'P/Pan Dulce X 1000grs',100,810.0,90.0,'286-moldes-de-papel-p-pan-dulce-p-pan-dulce-x-1000grs'),
(287,12,13,'P/Bizcochuelo N 20x50',100,145.0,161.0,'287-moldes-de-papel-p-pan-dulce-p-bizcochuelo-n-20x50'),
(288,12,13,'P/Bizcochuelo N 22x50',100,155.0,172.0,'288-moldes-de-papel-p-pan-dulce-p-bizcochuelo-n-22x50'),
(289,12,13,'P/Rosca N20x50',100,165.0,183.0,'289-moldes-de-papel-p-pan-dulce-p-rosca-n20x50'),
(290,12,13,'P/Rosca N22x50',100,178.0,197.0,'290-moldes-de-papel-p-pan-dulce-p-rosca-n22x50'),
(291,67,13,'N2 Magico P/Armar',100,34.0,38.0,'291-monos-n2-magico-p-armar'),
(292,67,13,'N1 Magico P/Armar',100,24.0,27.0,'292-monos-n1-magico-p-armar'),
(293,67,13,'N0 Magico P/Armar',100,20.0,22.0,'293-monos-n0-magico-p-armar'),
(294,63,13,'300 Mts P/Expendedor',4,76.0,84.0,'294-papel-higienico-rollo-de-cocina-300-mts-p-expendedor'),
(295,63,13,'Roolo De Cocina Elegante X 50 P',3,90.0,100.0,'295-papel-higienico-rollo-de-cocina-roolo-de-cocina-elegante-x-50-p'),
(296,63,13,'30 Mts X 4 Gris Comun',4,90.0,100.0,'296-papel-higienico-rollo-de-cocina-30-mts-x-4-gris-comun'),
(297,63,13,'30 Mts X 4 Blanco Elegante',4,117.0,130.0,'297-papel-higienico-rollo-de-cocina-30-mts-x-4-blanco-elegante'),
(298,63,13,'Rollo De Cocina Dicha X 50 P',3,82.0,88.0,'298-papel-higienico-rollo-de-cocina-rollo-de-cocina-dicha-x-50-p'),
(299,42,11,'Papel Diario En Bobina 60 Cms',1,148.0,16.0,'299-papeles-bobina-resmas-papel-diario-en-bobina-60-cms'),
(300,42,11,'Papel Diario En Hojas 40 X 50',1,148.0,16.0,'300-papeles-bobina-resmas-papel-diario-en-hojas-40-x-50'),
(301,42,11,'Papel Diario En Hojas 30 X 40',1,148.0,16.0,'301-papeles-bobina-resmas-papel-diario-en-hojas-30-x-40'),
(302,42,11,'Papel Diario En Hojas 35 X 45',1,148.0,16.0,'302-papeles-bobina-resmas-papel-diario-en-hojas-35-x-45'),
(303,42,11,'Bobina Fantasia 40 Cms',1,26.0,29.0,'303-papeles-bobina-resmas-bobina-fantasia-40-cms'),
(304,42,11,'Papel Diario En Hojas 45 X 60',1,148.0,16.0,'304-papeles-bobina-resmas-papel-diario-en-hojas-45-x-60'),
(305,42,11,'Papel Diario En Hojas 50 X 70',1,148.0,16.0,'305-papeles-bobina-resmas-papel-diario-en-hojas-50-x-70'),
(306,42,11,'Papel Diario En Hojas 64 X 90',1,148.0,16.0,'306-papeles-bobina-resmas-papel-diario-en-hojas-64-x-90'),
(307,42,11,'Papel Diario En Bobina 40 Cms',1,148.0,16.0,'307-papeles-bobina-resmas-papel-diario-en-bobina-40-cms'),
(308,42,11,'Fondo Raviolero Satinado',1,170.0,18.0,'308-papeles-bobina-resmas-fondo-raviolero-satinado'),
(309,42,11,'Fondo Pizzero Satinado 25 X 25 (Ch)',1,170.0,18.0,'309-papeles-bobina-resmas-fondo-pizzero-satinado-25-x-25-ch'),
(310,42,11,'Fondo Pizzero Satinado 31 X 31 (Gr)',1,170.0,18.0,'310-papeles-bobina-resmas-fondo-pizzero-satinado-31-x-31-gr'),
(311,42,11,'Fondo Pizzero Comun 25 X 25',1,148.0,16.0,'311-papeles-bobina-resmas-fondo-pizzero-comun-25-x-25'),
(312,42,11,'Fondo Pizzero Comun 31 X 31',1,148.0,16.0,'312-papeles-bobina-resmas-fondo-pizzero-comun-31-x-31'),
(313,42,11,'Bobina Panedaria/Pizzeria 60 Cms',1,26.0,29.0,'313-papeles-bobina-resmas-bobina-panedaria-pizzeria-60-cms'),
(314,42,11,'Bobina Panedaria/Pizzeria 40 Cms',1,26.0,29.0,'314-papeles-bobina-resmas-bobina-panedaria-pizzeria-40-cms'),
(315,42,11,'Kraft En Bobina 60 Cms (50/80grs)',1,17.0,18.5,'315-papeles-bobina-resmas-kraft-en-bobina-60-cms-50-80grs'),
(316,42,11,'Kraft En Bobina 40 Cms (50/80grs)',1,17.0,18.5,'316-papeles-bobina-resmas-kraft-en-bobina-40-cms-50-80grs'),
(317,42,11,'Bobina Linea Dorada 60 Cms',1,36.0,39.0,'317-papeles-bobina-resmas-bobina-linea-dorada-60-cms'),
(318,42,11,'Bobina Linea Dorada 40 Cms',1,36.0,39.0,'318-papeles-bobina-resmas-bobina-linea-dorada-40-cms'),
(319,42,11,'Bobina Fantasia 60 Cms',1,26.0,29.0,'319-papeles-bobina-resmas-bobina-fantasia-60-cms'),
(320,65,10,'Pirot.N10',1000,81.0,90.0,'320-pirotines-pirot-n10'),
(321,65,10,'Pirot.N10l',1000,61.0,67.0,'321-pirotines-pirot-n10l'),
(322,65,10,'Pirot.N11',1000,83.0,93.0,'322-pirotines-pirot-n11'),
(323,65,10,'Pirot.N3',1000,22.0,25.0,'323-pirotines-pirot-n3'),
(324,65,10,'Pirot.N4',1000,24.0,27.0,'324-pirotines-pirot-n4'),
(325,65,10,'Pirot.N5',1000,30.0,33.0,'325-pirotines-pirot-n5'),
(326,65,10,'Pirot.N6',1000,33.0,37.0,'326-pirotines-pirot-n6'),
(327,65,10,'Pirot.N7',1000,39.0,43.0,'327-pirotines-pirot-n7'),
(328,65,10,'Pirot.N8',1000,47.0,52.0,'328-pirotines-pirot-n8'),
(329,65,10,'Pirot.N9',1000,49.0,54.0,'329-pirotines-pirot-n9'),
(330,16,13,'Plato 17 Cms Blanco Ban-Plast',50,25.0,28.0,'330-platos-descartables-plato-17-cms-blanco-ban-plast'),
(331,16,13,'Octogonal Plastico 17 Cms',100,219.0,243.0,'331-platos-descartables-octogonal-plastico-17-cms'),
(332,16,13,'Octogonal Plastico 22 Cms',100,329.0,365.0,'332-platos-descartables-octogonal-plastico-22-cms'),
(333,16,13,'Plato 17 Cms Blanco Economico',50,20.0,22.0,'333-platos-descartables-plato-17-cms-blanco-economico'),
(334,16,13,'Plato 22 Cms Blanco Economico',50,33.0,37.0,'334-platos-descartables-plato-22-cms-blanco-economico'),
(335,16,13,'Plato 22 Cms Blanco Ban-Plast',50,55.0,50.0,'335-platos-descartables-plato-22-cms-blanco-ban-plast'),
(336,32,6,'N34 X 1000ml C/Tapa (Isopor)',100,326.0,3.5,'336-platos-termicos-n34-x-1000ml-c-tapa-isopor'),
(337,32,6,'X 1000ml C/Tapa (Bandex)',100,978.0,3.5,'337-platos-termicos-x-1000ml-c-tapa-bandex'),
(338,17,13,'Plato 24 Cms',50,157.0,3.5,'338-platos-y-bandejas-doradas-plato-24-cms'),
(339,17,13,'Bandeja 1/4 Kilo',100,180.0,2.0,'339-platos-y-bandejas-doradas-bandeja-1-4-kilo'),
(340,17,13,'Bandeja 1/2 Kilo',50,112.0,2.5,'340-platos-y-bandejas-doradas-bandeja-1-2-kilo'),
(341,17,13,'Bandeja 3/4 Kilo',50,135.0,3.0,'341-platos-y-bandejas-doradas-bandeja-3-4-kilo'),
(342,17,13,'Plato 34 Cms',50,270.0,6.0,'342-platos-y-bandejas-doradas-plato-34-cms'),
(343,17,13,'Plato 31 Cms',50,225.0,5.0,'343-platos-y-bandejas-doradas-plato-31-cms'),
(344,17,13,'Plato 28 Cms',50,202.0,4.5,'344-platos-y-bandejas-doradas-plato-28-cms'),
(345,17,13,'Plato 26 Cms',50,180.0,4.0,'345-platos-y-bandejas-doradas-plato-26-cms'),
(346,17,13,'Bandeja 1 Kilo',50,157.0,3.5,'346-platos-y-bandejas-doradas-bandeja-1-kilo'),
(347,17,13,'Bandeja 1 1/2 Kilo',50,180.0,4.0,'347-platos-y-bandejas-doradas-bandeja-1-1-2-kilo'),
(348,17,13,'Bandeja 2 Kilo',50,225.0,5.0,'348-platos-y-bandejas-doradas-bandeja-2-kilo'),
(349,17,13,'Bandeja 2 1/2 Kilo',50,270.0,6.0,'349-platos-y-bandejas-doradas-bandeja-2-1-2-kilo'),
(350,17,13,'Bandeja 3 Kilo',50,315.0,7.0,'350-platos-y-bandejas-doradas-bandeja-3-kilo'),
(351,17,13,'Plato 22 Cms',50,135.0,3.0,'351-platos-y-bandejas-doradas-plato-22-cms'),
(352,43,5,'Porta Cinta 30cm (Chico)',1,31.0,35.0,'352-porta-cintas-hilo-dispenser-porta-cinta-30cm-chico'),
(353,43,5,'Porta Rollo Turno',1,76.0,84.0,'353-porta-cintas-hilo-dispenser-porta-rollo-turno'),
(354,43,5,'Porta Hilo',1,113.0,126.0,'354-porta-cintas-hilo-dispenser-porta-hilo'),
(355,43,5,'Porta Cinta 60cm (Grande)',1,40.0,45.0,'355-porta-cintas-hilo-dispenser-porta-cinta-60cm-grande'),
(356,43,5,'Portabobinas 40cm',1,122.0,136.0,'356-porta-cintas-hilo-dispenser-portabobinas-40cm'),
(357,43,5,'Portabobinas 60cm',1,138.0,153.0,'357-porta-cintas-hilo-dispenser-portabobinas-60cm'),
(358,43,5,'Portabobinas 40/60cm (Combinada)',1,183.0,203.0,'358-porta-cintas-hilo-dispenser-portabobinas-40-60cm-combinada'),
(359,43,5,'Racionador De Cinta Embalar (Gr)',1,110.0,122.0,'359-porta-cintas-hilo-dispenser-racionador-de-cinta-embalar-gr'),
(360,43,5,'Racionador De Cinta Embalar (Ch)',1,65.0,73.0,'360-porta-cintas-hilo-dispenser-racionador-de-cinta-embalar-ch'),
(361,43,5,'Porta Rollo Film Pvc',1,249.0,282.0,'361-porta-cintas-hilo-dispenser-porta-rollo-film-pvc'),
(362,43,5,'Dispenser Limpia Manos (Pie)',1,202.0,224.0,'362-porta-cintas-hilo-dispenser-dispenser-limpia-manos-pie'),
(363,43,5,'Dispenser Limpia Manos (Pared)',1,148.0,164.0,'363-porta-cintas-hilo-dispenser-dispenser-limpia-manos-pared'),
(364,43,5,'Dispenser Toallero',1,98.0,108.0,'364-porta-cintas-hilo-dispenser-dispenser-toallero'),
(365,43,5,'Dispenser Higienico',1,95.0,105.0,'365-porta-cintas-hilo-dispenser-dispenser-higienico'),
(366,43,5,'Dispenser Jabonera (Pared)',1,103.0,115.0,'366-porta-cintas-hilo-dispenser-dispenser-jabonera-pared'),
(367,43,5,'Etiqueteadora (Jolly) 8 Digitos',1,370.0,410.0,'367-porta-cintas-hilo-dispenser-etiqueteadora-jolly-8-digitos'),
(368,48,13,'Portapancho Gris',100,50.0,11.0,'368-portapancho-cucurucho-portapancho-gris'),
(369,48,13,'Cucurucho Papa Frita',100,67.0,25.0,'369-portapancho-cucurucho-cucurucho-papa-frita'),
(370,57,3,'Pote Bisagra (3042) 250cc',100,720.0,1.0,'370-potes-bisagra-rotlen-pote-bisagra-3042-250cc'),
(371,57,3,'Pote Bisagra (3071) 750cc',100,864.0,1.2,'371-potes-bisagra-rotlen-pote-bisagra-3071-750cc'),
(372,57,3,'Pote Bisagra (3050) 500cc',100,746.0,1.1,'372-potes-bisagra-rotlen-pote-bisagra-3050-500cc'),
(373,24,13,'Pote 360 Cc',100,312.0,0.75,'373-potes-termicos-para-alimento-pote-360-cc'),
(374,24,13,'Pote 120 Cc',100,255.0,0.3,'374-potes-termicos-para-alimento-pote-120-cc'),
(375,24,13,'Pote 180 Cc',100,314.0,0.4,'375-potes-termicos-para-alimento-pote-180-cc'),
(376,24,13,'Pote 240 Cc',100,412.0,0.5,'376-potes-termicos-para-alimento-pote-240-cc'),
(377,54,13,'Pote 1/2 Kilo',20,288.0,3.2,'377-potes-termicos-para-helado-pote-1-2-kilo'),
(378,54,13,'Pote 1 Kilo',20,387.0,4.3,'378-potes-termicos-para-helado-pote-1-kilo'),
(379,54,13,'Pote 1/4 Kilo',20,180.0,2.0,'379-potes-termicos-para-helado-pote-1-4-kilo'),
(380,3,3,'Tapas Para (150/250/500cc)',100,405.0,45.0,'380-potes-y-tapas-plasticas-tapas-para-150-250-500cc'),
(381,3,3,'Pote Natural 500cc',100,972.0,108.0,'381-potes-y-tapas-plasticas-pote-natural-500cc'),
(382,3,3,'Pote Natural 250cc',100,648.0,72.0,'382-potes-y-tapas-plasticas-pote-natural-250cc'),
(383,3,3,'Pote Natural 150cc',100,603.0,67.0,'383-potes-y-tapas-plasticas-pote-natural-150cc'),
(384,9,13,'Precintos Plast. 9 Cm',1000,540.0,12.0,'384-precintos-precintos-plast-9-cm'),
(385,9,13,'Precintos Plast. 6 Cm',1000,405.0,9.0,'385-precintos-precintos-plast-6-cm'),
(386,51,13,'Resma A4 75gr (Autor)',500,531.0,59.0,'386-resmas-de-papel-p-fotocopias-resma-a4-75gr-autor'),
(387,51,13,'Oficio 75gr (Autor)',500,621.0,69.0,'387-resmas-de-papel-p-fotocopias-oficio-75gr-autor'),
(388,51,13,'Oficio 70gr (Autor)',500,585.0,65.0,'388-resmas-de-papel-p-fotocopias-oficio-70gr-autor'),
(389,51,13,'Resma A4 80gr (Autor)',500,585.0,65.0,'389-resmas-de-papel-p-fotocopias-resma-a4-80gr-autor'),
(390,51,13,'Resma A4 70gr (Autor)',500,583.0,54.0,'390-resmas-de-papel-p-fotocopias-resma-a4-70gr-autor'),
(391,28,8,'Film 38 X 300 Mts',1,624.0,44.0,'391-rollos-de-pvc-film-38-x-300-mts'),
(392,28,8,'Aluminio 30 X 5 Mts',1,180.0,8.0,'392-rollos-de-pvc-aluminio-30-x-5-mts'),
(393,28,8,'Manteca 30 X 5 Mts Rollo',1,240.0,8.0,'393-rollos-de-pvc-manteca-30-x-5-mts-rollo'),
(394,28,8,'Film 45 X 300 Mts',1,880.0,55.0,'394-rollos-de-pvc-film-45-x-300-mts'),
(395,28,8,'Film 30 X 300 Mts',1,468.0,33.5,'395-rollos-de-pvc-film-30-x-300-mts'),
(396,28,8,'Film 30 X 30 Mts',1,180.0,8.0,'396-rollos-de-pvc-film-30-x-30-mts'),
(397,28,8,'Film 45 X 800 Mts',1,202.0,225.0,'397-rollos-de-pvc-film-45-x-800-mts'),
(398,28,8,'Film 38 X 800 Mts',1,180.0,200.0,'398-rollos-de-pvc-film-38-x-800-mts'),
(399,28,8,'Film 30 X 800 Mts',1,145.0,160.0,'399-rollos-de-pvc-film-30-x-800-mts'),
(400,39,13,'44 Mm X 50 Mts. Termico',10,675.0,75.0,'400-rollos-registradora-termico-44-mm-x-50-mts-termico'),
(401,39,13,'57 Mm X 30 Mts. Termico',10,540.0,60.0,'401-rollos-registradora-termico-57-mm-x-30-mts-termico'),
(402,39,13,'76 Mm X 30 Mts. Quimico',10,513.0,114.0,'402-rollos-registradora-termico-76-mm-x-30-mts-quimico'),
(403,13,13,'37mm X 50mts. Obra',10,360.0,40.0,'403-rollos-registradora-obra-37mm-x-50mts-obra'),
(404,13,13,'44mm X 50mts. Obra',10,450.0,50.0,'404-rollos-registradora-obra-44mm-x-50mts-obra'),
(405,13,13,'76mm X 30mts. Obra',10,227.0,52.0,'405-rollos-registradora-obra-76mm-x-30mts-obra'),
(406,13,13,'57mm X 30mts. Obra',10,315.0,35.0,'406-rollos-registradora-obra-57mm-x-30mts-obra'),
(407,5,8,'Limpia Manos 25cm X 400mt Elegante',1,99.0,110.0,'407-servilletas-a-granel-limpia-manos-25cm-x-400mt-elegante'),
(408,5,10,'Toallas Intercaladas (4pliegos)',2400,126.0,140.0,'408-servilletas-a-granel-toallas-intercaladas-4pliegos'),
(409,5,10,'T/Bar X 10.000 Economica',10000,85.0,95.0,'409-servilletas-a-granel-t-bar-x-10-000-economica'),
(410,5,10,'18 X 18 Cms X 2000 Economica',2000,51.0,56.0,'410-servilletas-a-granel-18-x-18-cms-x-2000-economica'),
(411,5,10,'24 X 24 Cms Economica',2000,67.0,75.0,'411-servilletas-a-granel-24-x-24-cms-economica'),
(412,5,10,'33 X 33 X 1000 Elegante',1000,74.0,82.0,'412-servilletas-a-granel-33-x-33-x-1000-elegante'),
(413,5,8,'Limpia Manos 20cm X 400mt Elegante',1,86.0,95.0,'413-servilletas-a-granel-limpia-manos-20cm-x-400mt-elegante'),
(414,34,13,'Sobre 15 X 25 Cms',100,486.0,54.0,'414-sobres-de-papel-fantasia-sobre-15-x-25-cms'),
(415,34,13,'Sobre 14 X 21 Cms',100,278.0,42.0,'415-sobres-de-papel-fantasia-sobre-14-x-21-cms'),
(416,34,13,'Sobre 8 X 26 Cms',100,270.0,30.0,'416-sobres-de-papel-fantasia-sobre-8-x-26-cms'),
(417,34,13,'Sobre 7 X 10 Cms',100,135.0,16.0,'417-sobres-de-papel-fantasia-sobre-7-x-10-cms'),
(418,34,13,'Sobre 7 X 20 Cms',100,414.0,23.0,'418-sobres-de-papel-fantasia-sobre-7-x-20-cms'),
(419,34,13,'Sobre 25 X 35 Cms',100,504.0,112.0,'419-sobres-de-papel-fantasia-sobre-25-x-35-cms'),
(420,34,13,'Sobre 29 X 39 Cms',100,675.0,150.0,'420-sobres-de-papel-fantasia-sobre-29-x-39-cms'),
(421,34,13,'Sobre 20 X 29 Cms',100,702.0,78.0,'421-sobres-de-papel-fantasia-sobre-20-x-29-cms'),
(422,34,13,'Sobre 9 X 15 Cms',100,180.0,20.0,'422-sobres-de-papel-fantasia-sobre-9-x-15-cms'),
(423,37,10,'1000 Ensobrados',1000,47.0,57.0,'423-sorbetes-1000-ensobrados'),
(424,37,1,'300 Color Flexible',1,58.0,65.0,'424-sorbetes-300-color-flexible'),
(425,37,1,'600 Sin Ensobrar Negro',1,324.0,45.0,'425-sorbetes-600-sin-ensobrar-negro'),
(426,47,4,'Talon. Chico X 50 Hojas Doble',1,648.0,6.0,'426-talonarios-duplicados-talon-chico-x-50-hojas-doble'),
(427,47,4,'Talon. Grande X 50 Hojas Doble',1,792.0,11.0,'427-talonarios-duplicados-talon-grande-x-50-hojas-doble'),
(428,49,13,'10jlp/Vaso 300cc',100,232.0,27.0,'428-tapsa-para-vasos-termicos-10jlp-vaso-300cc'),
(429,49,13,'20jlp/Vaso 360cc',100,344.0,39.0,'429-tapsa-para-vasos-termicos-20jlp-vaso-360cc'),
(430,49,13,'4jl P/Vaso 120cc',100,183.0,22.0,'430-tapsa-para-vasos-termicos-4jl-p-vaso-120cc'),
(431,49,13,'6jl P/Vaso 180cc',100,201.0,24.0,'431-tapsa-para-vasos-termicos-6jl-p-vaso-180cc'),
(432,49,13,'8jl P/Vaso 240cc',100,218.0,26.0,'432-tapsa-para-vasos-termicos-8jl-p-vaso-240cc'),
(433,27,13,'Tortera N32 Alta',100,840.0,9.4,'433-torteras-plasticas-c-tapas-tortera-n32-alta'),
(434,27,13,'Tortera N28 Baja',100,600.0,7.0,'434-torteras-plasticas-c-tapas-tortera-n28-baja'),
(435,27,13,'Tortera N26 Baja',100,480.0,5.5,'435-torteras-plasticas-c-tapas-tortera-n26-baja'),
(436,27,13,'Tortera N28 Alta',100,624.0,7.5,'436-torteras-plasticas-c-tapas-tortera-n28-alta'),
(437,27,13,'Tortera N32 Baja',100,790.0,8.8,'437-torteras-plasticas-c-tapas-tortera-n32-baja'),
(438,27,13,'Tortera N26 Alta',100,504.0,6.0,'438-torteras-plasticas-c-tapas-tortera-n26-alta'),
(439,23,11,'Tripodes Virgen',1,279.0,31.0,'439-tripode-tripodes-virgen'),
(440,23,11,'Tripodes Comun',1,192.0,22.0,'440-tripode-tripodes-comun'),
(441,52,10,'Escarbadientes A Granel X 3000',3000,130.0,145.0,'441-varios-escarbadientes-a-granel-x-3000'),
(442,52,13,'Servilletero Plastico T/Bar',1,22.0,25.0,'442-varios-servilletero-plastico-t-bar'),
(443,52,13,'Lanchera V/Colores (Boca,River)',1,110.0,120.0,'443-varios-lanchera-v-colores-boca-river'),
(444,52,8,'Rollos Para Turno X 1000 Numeros',1,54.0,5.0,'444-varios-rollos-para-turno-x-1000-numeros'),
(445,52,13,'Tacos 9x9',1,180.0,8.0,'445-varios-tacos-9x9'),
(446,1,13,'Trago Largo (Transparente)',100,225.0,1.0,'446-vasos-de-cristal-y-varios-trago-largo-transparente'),
(447,1,13,'Champagne Cristal',100,945.0,3.5,'447-vasos-de-cristal-y-varios-champagne-cristal'),
(448,1,13,'Compotera Cristal',100,569.0,1.15,'448-vasos-de-cristal-y-varios-compotera-cristal'),
(449,28,8,'Aluminio 38 X 1 Kilo',1,1476.0,82.0,'449-rollos-de-pvc-aluminio-38-x-1-kilo'),
(450,52,10,'Rejillas Plasticas',800,1080.0,1.5,'450-varios-rejillas-plasticas'),
(451,1,13,'Whisky Cristal',100,468.0,2.0,'451-vasos-de-cristal-y-varios-whisky-cristal'),
(452,1,13,'Sidra Cristal',100,180.0,1.0,'452-vasos-de-cristal-y-varios-sidra-cristal'),
(453,1,13,'Trago Largo (Azul,Rojo,Amarillo,Verde)',100,270.0,1.2,'453-vasos-de-cristal-y-varios-trago-largo-azul-rojo-amarillo-verde'),
(454,6,13,'Vasos Blancos 180 Cc',100,756.0,28.0,'454-vasos-plasticos-blancos-vasos-blancos-180-cc'),
(455,6,13,'Vasos Blancos 110 Cc',100,912.0,26.0,'455-vasos-plasticos-blancos-vasos-blancos-110-cc'),
(456,6,13,'Vasos Blancos 500 Cc',100,916.0,106.0,'456-vasos-plasticos-blancos-vasos-blancos-500-cc'),
(457,6,13,'Vasos Blancos 330 Cc',100,950.0,44.0,'457-vasos-plasticos-blancos-vasos-blancos-330-cc'),
(458,6,13,'Vasos Blancos 300 Cc',100,907.0,42.0,'458-vasos-plasticos-blancos-vasos-blancos-300-cc'),
(459,6,13,'Vasos Blancos 220 Cc',100,918.0,34.0,'459-vasos-plasticos-blancos-vasos-blancos-220-cc'),
(460,25,13,'Vaso 120 Cc',100,186.0,22.5,'460-vasos-termicos-vaso-120-cc'),
(461,25,13,'Vaso 165 Cc',100,255.0,30.0,'461-vasos-termicos-vaso-165-cc'),
(462,25,13,'Vaso 180 Cc',100,229.0,27.0,'462-vasos-termicos-vaso-180-cc'),
(463,25,13,'Vaso 240 Cc',100,267.0,32.0,'463-vasos-termicos-vaso-240-cc'),
(464,25,13,'Vaso 475 Cc',100,600.0,70.0,'464-vasos-termicos-vaso-475-cc'),
(465,25,13,'Vaso 300 Cc',100,330.0,38.0,'465-vasos-termicos-vaso-300-cc'),
(466,25,13,'Vaso 330 Cc',100,400.0,46.0,'466-vasos-termicos-vaso-330-cc'),
(467,25,13,'Vaso 360 Cc',100,438.0,50.0,'467-vasos-termicos-vaso-360-cc'),
(468,31,5,'Cinta Recuperado (Bob X 2kg)',1,210.0,39.0,'468-hilos-y-cintas-cinta-recuperado-bob-x-2kg'),
(469,19,11,'13x13 Cms P/Hamburguesa',1,312.0,30.0,'469-laminas-para-fiambres-13x13-cms-p-hamburguesa'),
(470,28,8,'Manteca 38 X 50 Mts Rollo',1,1500.0,80.0,'470-rollos-de-pvc-manteca-38-x-50-mts-rollo'),
(471,6,13,'Vasos Blancos 70 Cc',100,1235.0,28.0,'471-vasos-plasticos-blancos-vasos-blancos-70-cc'),
(472,44,13,'Bolsa Pp 45 X 70 Cms.',100,1000.0,135.0,'472-bolsas-de-polipropileno-bolsa-pp-45-x-70-cms'),
(473,6,13,'Vasos Blancos 800 Cc',100,1010.0,170.0,'473-vasos-plasticos-blancos-vasos-blancos-800-cc'),
(474,6,13,'Vasos Blancos 1000cc',100,1188.0,198.0,'474-vasos-plasticos-blancos-vasos-blancos-1000cc'),
(475,22,13,'Flanera H 7',100,1170.0,85.0,'475-aluminio-bandejas-flanera-h-7'),
(476,22,13,'Flanera H 10',100,1170.0,85.0,'476-aluminio-bandejas-flanera-h-10'),
(477,33,2,'48 X 100 Transparente',1,1037.0,16.0,'477-cintas-adhesivas-48-x-100-transparente'),
(478,36,10,'Cuchillos Plasticos Comun',1000,0.0,170.0,'478-cubiertos-plasticos-cuchillos-plasticos-comun'),
(479,36,10,'Tenedores Plasticos Comun',1000,0.0,170.0,'479-cubiertos-plasticos-tenedores-plasticos-comun');
